0.	0.
0.0078125	-1.1762900551752034e-8
0.015625	-1.9255038552952927e-7
0.0234375	-4.938711208632737e-7
0.03125	-9.157375749080376e-7
0.0390625	-1.4581672099539224e-6
0.046875	-2.121182444515504e-6
0.0546875	-2.904810694175703e-6
0.0625	-3.809084366504203e-6
0.0703125	-4.834040857465416e-6
0.078125	-5.979722562724252e-6
0.0859375	-7.246176877303032e-6
0.09375	-8.633456200318438e-6
0.1015625	-0.000010141617938873458
0.109375	-0.000011770724515091894
0.1171875	-0.000013520843369342617
0.125	-0.000015392046967042784
0.1328125	-0.000017384434519546817
0.140625	-0.00001949810523820912
0.1484375	-0.000021733158334384124
0.15625	-0.000024089693019426235
0.1640625	-0.000026567834273360395
0.171875	-0.000029167676153806902
0.1796875	-0.00003188932302585429
0.1875	-0.000034732879254591056
0.1953125	-0.00003769853166100992
0.203125	-0.000040786338801363746
0.2109375	-0.00004399641053780132
0.21875	-0.000047328856732471456
0.2265625	-0.00005078396356004918
0.234375	-0.00005436171882016511
0.2421875	-0.000058062238187468956
0.25	-0.00006188563733661032
0.2578125	-0.00006583277079289813
0.265625	-0.00006990318922753673
0.2734375	-0.00007409702280244361
0.28125	-0.0000784144016795363
0.2890625	-0.00008285612865991694
0.296875	-0.00008742178938806783
0.3046875	-0.00009211152276148026
0.3125	-0.00009692546767764556
0.3203125	-0.00010186474396413434
0.328125	-0.00010692866653717131
0.3359375	-0.000112117383348987
0.34375	-0.00011743104235181188
0.3515625	-0.00012287114651472465
0.359375	-0.0001284366756719833
0.3671875	-0.00013412778712076204
0.375	-0.0001399446381582352
0.3828125	-0.00014588657709795243
0.390625	-0.0001519548032916619
0.3984375	-0.00015814949892773746
0.40625	-0.0001644708461945527
0.4140625	-0.000170918388701958
0.421875	-0.0001774931930696561
0.4296875	-0.00018419546659377377
0.4375	-0.0001910254165704377
0.4453125	-0.0001979828436077241
0.453125	-0.00020506862689020742
0.4609375	-0.0002122829992888519
0.46875	-0.00021962619367462172
0.4765625	-0.00022709827592644439
0.484375	-0.0002346999306085414
0.4921875	-0.0002424314166055784
0.5	-0.00025029299280222096
0.5078125	-0.00025828506607043127
0.515625	-0.00026640847240500453
0.5234375	-0.00027466353387841524
0.53125	-0.0002830505725631376
0.5390625	-0.00029157032466725256
0.546875	-0.0003002231455998085
0.5546875	-0.0003090093947014905
0.5625	-0.0003179294313129835
0.5703125	-0.0003269843807527763
0.578125	-0.00033617431059080835
0.5859375	-0.00034549961791342597
0.59375	-0.0003549606998069753
0.6015625	-0.0003645590765890091
0.609375	-0.00037429452306367576
0.6171875	-0.00038416747451212066
0.625	-0.00039417836621548905
0.6328125	-0.00040432365480729996
0.640625	-0.00041460777755150175
0.6484375	-0.00042503119306441654
0.65625	-0.0004355943599623664
0.6640625	-0.00044629382513397726
0.671875	-0.0004571339818659516
0.6796875	-0.00046811531171729614
0.6875	-0.0004792382962470169
0.6953125	-0.0004904995683092179
0.703125	-0.0005019034807408575
0.7109375	-0.0005134505376739917
0.71875	-0.0005251412432406763
0.7265625	-0.000536972312307003
0.734375	-0.0005489480604954256
0.7421875	-0.0005610690141624329
0.75	-0.0005733356996645152
0.7578125	-0.0005857396176233422
0.765625	-0.0005982903730670842
0.7734375	-0.0006109885452890919
0.78125	-0.000623834713582716
0.7890625	-0.0006368242234904539
0.796875	-0.0006499629187529954
0.8046875	-0.0006632514093601774
0.8125	-0.000676690305301836
0.8203125	-0.0006902750547449054
0.828125	-0.0007040114597767463
0.8359375	-0.0007179001606618164
0.84375	-0.000731941797664573
0.8515625	-0.0007461319171436949
0.859375	-0.0007604762831456991
0.8671875	-0.0007749755658113242
0.875	-0.0007896304352813075
0.8828125	-0.00080443653224426
0.890625	-0.0008193995857913003
0.8984375	-0.0008345202955614188
0.90625	-0.0008497993611936067
0.9140625	-0.0008652325141316281
0.921875	-0.0008808254513486755
0.9296875	-0.0008965789016227153
0.9375	-0.0009124935937317127
0.9453125	-0.0009285653465613684
0.953125	-0.0009447998275789356
0.9609375	-0.0009611977943594028
0.96875	-0.0009777600044777572
0.9765625	-0.0009944823611868882
0.984375	-0.0010113705048549805
0.9921875	-0.0010284252215281185
1.	-0.0010456472972523883
1.0078125	-0.0010630256591499078
1.015625	-0.001080573021744536
1.0234375	-0.001098290240636164
1.03125	-0.001116178171424684
1.0390625	-0.001134230752736655
1.046875	-0.00115245579771406
1.0546875	-0.0011708542025255482
1.0625	-0.0011894268633397703
1.0703125	-0.0012081678079174038
1.078125	-0.0012270848411189892
1.0859375	-0.0012461788993970938
1.09375	-0.001265450919204286
1.1015625	-0.0012848950362084651
1.109375	-0.0013045190275341673
1.1171875	-0.0013243238695212604
1.125	-0.0013443105385096126
1.1328125	-0.0013644732749563157
1.140625	-0.001384819830590657
1.1484375	-0.001405351221259149
1.15625	-0.0014260684628083036
1.1640625	-0.0014469658975736223
1.171875	-0.0014680512540534542
1.1796875	-0.0014893255872351378
1.1875	-0.001510789952106012
1.1953125	-0.0015324387901589488
1.203125	-0.0015542798086645776
1.2109375	-0.0015763141013990616
1.21875	-0.0015985427621385627
1.2265625	-0.0016209603289861858
1.234375	-0.0016435744898408474
1.2421875	-0.0016663863769284049
1.25	-0.0016893971224747166
1.2578125	-0.0017125917828485766
1.265625	-0.0017359876604194585
1.2734375	-0.0017595859816997722
1.28125	-0.0017833879732019272
1.2890625	-0.0018073852660460534
1.296875	-0.001831588738414801
1.3046875	-0.0018559996730985403
1.3125	-0.0018806193528876423
1.3203125	-0.0019054396299248452
1.328125	-0.0019304712729598676
1.3359375	-0.0019557156200947956
1.34375	-0.0019811740094317163
1.3515625	-0.0020068384240353116
1.359375	-0.0020327196119133265
1.3671875	-0.0020588189660361036
1.375	-0.0020851378793739824
1.3828125	-0.002111668463176246
1.390625	-0.002138421446572542
1.3984375	-0.002165398276971457
1.40625	-0.002192600401781579
1.4140625	-0.0022200200578544635
1.421875	-0.0022476679571765937
1.4296875	-0.0022755456011774194
1.4375	-0.0023036544912863905
1.4453125	-0.0023319869875177905
1.453125	-0.002360553786331574
1.4609375	-0.002389356442772531
1.46875	-0.0024183965118854504
1.4765625	-0.0024476664745394527
1.484375	-0.0024771770131759648
1.4921875	-0.002506929736060748
1.5	-0.002536926251459562
1.5078125	-0.0025671472909152577
1.515625	-0.0025976154618606285
1.5234375	-0.0026283324950055536
1.53125	-0.0026593001210599193
1.5390625	-0.0026905083589103163
1.546875	-0.0027219707197809646
1.5546875	-0.0027536890030727904
1.5625	-0.002785665008186725
1.5703125	-0.0028178886649927724
1.578125	-0.0028503737120388014
1.5859375	-0.002883122018341757
1.59375	-0.0029161354529185857
1.6015625	-0.0029494040972985833
1.609375	-0.0029829416771211697
1.6171875	-0.0030167501305381154
1.625	-0.0030508313957011896
1.6328125	-0.0030851757033961767
1.640625	-0.0031197967678057376
1.6484375	-0.0031546965957465456
1.65625	-0.0031898771940352738
1.6640625	-0.0032253289404226013
1.671875	-0.0032610655389968633
1.6796875	-0.0032970890647803985
1.6875	-0.0033334015927955454
1.6953125	-0.0033699936455694936
1.703125	-0.003406878918376302
1.7109375	-0.0034440595539948805
1.71875	-0.003481537695204138
1.7265625	-0.003519304007215277
1.734375	-0.003557372177692026
1.7421875	-0.003595744416730407
1.75	-0.003634422934426442
1.7578125	-0.0036733917890204104
1.765625	-0.003712671924721358
1.7734375	-0.003752265700069695
1.78125	-0.003792175473605835
1.7890625	-0.0038323968902504186
1.796875	-0.0038729395375526185
1.8046875	-0.003913805855430058
1.8125	-0.003954998283800355
1.8203125	-0.0039965129180221945
1.828125	-0.004038359029629183
1.8359375	-0.0040805391354426885
1.84375	-0.0041230557522840775
1.8515625	-0.004165905095266402
1.859375	-0.004209096466686847
1.8671875	-0.004252632459751122
1.875	-0.0042965156676649345
1.8828125	-0.004340738713902496
1.890625	-0.004385314729236944
1.8984375	-0.0044302464700443295
1.90625	-0.0044755366927007045
1.9140625	-0.004521178346585702
1.921875	-0.00456718455688207
1.9296875	-0.004613558239777845
1.9375	-0.00466030231146106
1.9453125	-0.004707409652168586
1.953125	-0.004754893779073597
1.9609375	-0.004802757774026875
1.96875	-0.004851004718879209
1.9765625	-0.004899627721994071
1.984375	-0.004948640400154993
1.9921875	-0.004998045999859809
2.	-0.005047847767606344
2.0078125	-0.005098035020934978
2.015625	-0.005148625581990033
2.0234375	-0.00519962295666333
2.03125	-0.005251030650846687
2.0390625	-0.005302844124109931
2.046875	-0.005355075117992094
2.0546875	-0.005407727327710218
2.0625	-0.005460804448481343
2.0703125	-0.005514302402393219
2.078125	-0.005568232840689341
2.0859375	-0.0056225996414839075
2.09375	-0.00567740668289112
2.1015625	-0.005732650117178927
2.109375	-0.0057883417300924
2.1171875	-0.005844485581530358
2.125	-0.0059010857313916195
2.1328125	-0.005958133316908667
2.140625	-0.006015645624709391
2.1484375	-0.00607362701875535
2.15625	-0.006132081863008102
2.1640625	-0.006191005624951178
2.171875	-0.006250411774353051
2.1796875	-0.006310304884504173
2.1875	-0.006370689528694996
2.1953125	-0.0064315613828451945
2.203125	-0.006492934126965894
2.2109375	-0.006554812543697448
2.21875	-0.006617201415680208
2.2265625	-0.006680096682362592
2.234375	-0.006743512177651987
2.2421875	-0.006807452892263852
2.25	-0.00687192381691364
2.2578125	-0.006936914592288142
2.265625	-0.007002445920308625
2.2734375	-0.007068523152867688
2.28125	-0.007135151641857938
2.2890625	-0.007202325088057248
2.296875	-0.007270060768616821
2.3046875	-0.007338364309573131
2.3125	-0.007407241336962653
2.3203125	-0.007476685897446654
2.328125	-0.007546715468892708
2.3359375	-0.007617335949793181
2.34375	-0.007688553238640438
2.3515625	-0.007760361725622522
2.359375	-0.00783277908831975
2.3671875	-0.007905811496008115
2.375	-0.00797946511796361
2.3828125	-0.008053726097150472
2.390625	-0.008128621100363793
2.3984375	-0.008204156768086899
2.40625	-0.008280339740803125
2.4140625	-0.008357161801191733
2.421875	-0.00843464479713551
2.4296875	-0.008512795718713178
2.4375	-0.008591621556003456
2.4453125	-0.008671114530054154
2.453125	-0.008751296747481506
2.4609375	-0.008832175545870853
2.46875	-0.008913758262807518
2.4765625	-0.008996037554531534
2.484375	-0.009079035785416948
2.4921875	-0.009162760638492511
2.5	-0.00924721979678697
2.5078125	-0.0093323948792964
2.515625	-0.009418320246353584
2.5234375	-0.009505004194258624
2.53125	-0.009592455019311627
2.5390625	-0.009680661224082421
2.546875	-0.009769651364336225
2.5546875	-0.009859434202107966
2.5625	-0.009950018499432582
2.5703125	-0.010041393345791702
2.578125	-0.010133587638657177
2.5859375	-0.010226610602947547
2.59375	-0.010320471463581362
2.6015625	-0.010415159891745287
2.609375	-0.010510705126177543
2.6171875	-0.010607116851884492
2.625	-0.010704404753872474
2.6328125	-0.0108025457977292
2.640625	-0.010901583157748342
2.6484375	-0.011001527288804927
2.65625	-0.011102388645773974
2.6640625	-0.011204153381032325
2.671875	-0.01130685682377668
2.6796875	-0.01141051000070555
2.6875	-0.011515123938517453
2.6953125	-0.01162068550843328
2.703125	-0.01172723046099334
2.7109375	-0.011834770391260335
2.71875	-0.011943316894296943
2.7265625	-0.012052857556684077
2.734375	-0.01216342854687167
2.7421875	-0.012275042024827862
2.75	-0.012387710150520807
2.7578125	-0.012501415020490883
2.765625	-0.012616200565431859
2.7734375	-0.012732079819340504
2.78125	-0.012849065816213572
2.7890625	-0.012967152548620178
2.796875	-0.013086373532861316
2.8046875	-0.013206742416441175
2.8125	-0.013328272846863946
2.8203125	-0.013450955538458298
2.828125	-0.013574828884959847
2.8359375	-0.013699907525240845
2.84375	-0.013826206098173529
2.8515625	-0.01395371644765041
2.859375	-0.014082477809411048
2.8671875	-0.014212505807849904
2.875	-0.014343816067361428
2.8828125	-0.01447639813632355
2.890625	-0.01461029583085628
2.8984375	-0.014745526080381634
2.90625	-0.014882105814321608
2.9140625	-0.015020038637986824
2.921875	-0.015159356610704186
2.9296875	-0.01530007766244341
2.9375	-0.015442219723174234
2.9453125	-0.01558578316830109
2.953125	-0.015730805687258084
2.9609375	-0.015877306615360437
2.96875	-0.016025305287923383
2.9765625	-0.01617480359337365
2.984375	-0.01632584050523705
2.9921875	-0.016478436755580403
3.	-0.01663261307647055
3.0078125	-0.016788367750284125
3.015625	-0.01694574662276356
3.0234375	-0.01710477230108157
3.03125	-0.01726546739241087
3.0390625	-0.017427838020533756
3.046875	-0.01759192484586006
3.0546875	-0.017757752045409192
3.0625	-0.01792534379620057
3.0703125	-0.018094701718035157
3.078125	-0.018265874693457335
3.0859375	-0.018438889047793047
3.09375	-0.018613771106368235
3.1015625	-0.018790528614044396
3.109375	-0.01896920824617994
3.1171875	-0.019149838097668848
3.125	-0.019332446263405093
3.1328125	-0.019517034819598315
3.140625	-0.019703660357796776
3.1484375	-0.01989235345086437
3.15625	-0.02008314467166502
3.1640625	-0.020276041932162918
3.171875	-0.020471100624302616
3.1796875	-0.020668353479128963
3.1875	-0.020867833227686778
3.1953125	-0.02106954228031655
3.203125	-0.021273546576453608
3.2109375	-0.021479881734828916
3.21875	-0.021688583374173443
3.2265625	-0.021899661079966545
3.234375	-0.02211317898354809
3.2421875	-0.02232917518300636
3.25	-0.022547687776429612
3.2578125	-0.02276872432778706
3.265625	-0.0229923578359563
3.2734375	-0.02321862974463461
3.28125	-0.023447581497519285
3.2890625	-0.02367922839745292
3.296875	-0.023913642522471665
3.3046875	-0.024150868795834564
3.3125	-0.024390952140800656
3.3203125	-0.024633914728154196
3.328125	-0.02487982889301973
3.3359375	-0.025128743209627925
3.34375	-0.025380706252209416
3.3515625	-0.02563574307648095
3.359375	-0.025893931083872338
3.3671875	-0.026155323155519623
3.375	-0.026419972172558828
3.3828125	-0.026687898297984607
3.390625	-0.026959193920691737
3.3984375	-0.027233917716236997
3.40625	-0.027512128360177197
3.4140625	-0.02779386400497744
3.421875	-0.028079210173448086
3.4296875	-0.028368230876567035
3.4375	-0.028660990125312154
3.4453125	-0.02895753394627454
3.453125	-0.029257951202027885
3.4609375	-0.029562311789445645
3.46875	-0.029870685605401254
3.4765625	-0.03018312445987435
3.484375	-0.030499723961304046
3.4921875	-0.030820560656449794
3.5	-0.031145711092071062
3.5078125	-0.03147523236501541
3.515625	-0.03180923010131783
3.5234375	-0.03214778823252567
3.53125	-0.03249099230673121
3.5390625	-0.032838911570720386
3.546875	-0.03319165547901609
3.5546875	-0.033549316025725744
3.5625	-0.03391198876897308
3.5703125	-0.0342797541135551
3.578125	-0.0346527289752856
3.5859375	-0.03503101368442376
3.59375	-0.03541471519371997
3.6015625	-0.035803925789864334
3.609375	-0.036198771974873346
3.6171875	-0.03659936476623875
3.625	-0.03700582248771042
3.6328125	-0.037418250300048216
3.640625	-0.03783678684211393
3.6484375	-0.038261555369638996
3.65625	-0.0386926868487102
3.6640625	-0.03913030085560731
3.671875	-0.03957454878935643
3.6796875	-0.04002556853995333
3.6875	-0.04048350272804521
3.6953125	-0.04094849849961888
3.703125	-0.041420711055998365
3.7109375	-0.041900297742691786
3.71875	-0.04238741860325549
3.7265625	-0.04288224128908766
3.734375	-0.0433849362119624
3.7421875	-0.04389567890285938
3.75	-0.04441465188105809
3.78125	-0.04566129296488866
3.8125	-0.04616476923223204
3.84375	-0.04595766225128442
3.875	-0.045068173302900194
3.90625	-0.043520242178119145
3.9375	-0.041333860517770264
3.96875	-0.03852501831374776
4.	-0.03510625766466772
4.0078125	-0.03407603048447268
4.015625	-0.03306283383474288
4.0234375	-0.03206622616284008
4.03125	-0.03108592387484649
4.0390625	-0.030121717727279056
4.046875	-0.02917305904309285
4.0546875	-0.02823979339346154
4.0625	-0.02732152434548289
4.0703125	-0.02641797099727759
4.078125	-0.02552890017593741
4.0859375	-0.024653955558444594
4.09375	-0.023792889096490237
4.1015625	-0.022945431399912758
4.109375	-0.022111365460746928
4.1171875	-0.02129040572555007
4.125	-0.020482312739501716
4.1328125	-0.0196867700667269
4.140625	-0.018903594441203757
4.1484375	-0.01813257076405162
4.15625	-0.017373468478973104
4.1640625	-0.016626034168378493
4.171875	-0.01589008052596305
4.1796875	-0.015165395925364727
4.1875	-0.014451776442059604
4.1953125	-0.013748988151118266
4.203125	-0.013056868468888781
4.2109375	-0.012375231977800398
4.21875	-0.011703882805908339
4.2265625	-0.011042585679072688
4.234375	-0.010391209820790066
4.2421875	-0.009749585256834612
4.25	-0.009117541895251956
4.2578125	-0.008494877298627447
4.265625	-0.007881462141223523
4.2734375	-0.007277138262065321
4.28125	-0.00668174750017797
4.2890625	-0.006095090292455787
4.296875	-0.005517059002270436
4.3046875	-0.004947508310181073
4.3125	-0.00438629289674685
4.3203125	-0.0038332147584353308
4.328125	-0.0032881933377922772
4.3359375	-0.0027510973825461355
4.34375	-0.002221795640425352
4.3515625	-0.001700122308879464
4.359375	-0.0011859876577988526
4.3671875	-0.000679269132349386
4.375	-0.00017984417769693277
4.3828125	0.0003124652358062902
4.390625	0.0007977172239942505
4.3984375	0.001276023509090463
4.40625	0.0017474958133184416
4.4140625	0.002212285672980939
4.421875	0.0026704591011627887
4.4296875	0.0031221219324016457
4.4375	0.0035673800012351645
4.4453125	0.004006395638595106
4.453125	0.004439211061019122
4.4609375	0.004865922910451498
4.46875	0.00528662782883652
4.4765625	0.00570148989748235
4.484375	0.006110530861284795
4.4921875	0.006513839494319102
4.5	0.0069115045706605194
4.5078125	0.0073037043157195124
4.515625	0.007690430654934262
4.5234375	0.00807176328226877
4.53125	0.008447781891687035
4.5390625	0.008818610860908531
4.546875	0.009184280944546031
4.5546875	0.009544867580967765
4.5625	0.009900446208541983
4.5703125	0.010251109709019605
4.578125	0.010596914416111651
4.5859375	0.010937934106911814
4.59375	0.011274242558513798
4.6015625	0.011605963040895104
4.609375	0.011933115124657648
4.6171875	0.012255767873287153
4.625	0.012573990350269336
4.6328125	0.012887937732189712
4.640625	0.013197584768186605
4.6484375	0.013502992320498135
4.65625	0.013804221251362428
4.6640625	0.014101370929338402
4.671875	0.014394460043074724
4.6796875	0.014683545787540874
4.6875	0.014968685357706318
4.6953125	0.015249972883158072
4.703125	0.015527425106665447
4.7109375	0.01580109570561529
4.71875	0.016071038357394443
4.7265625	0.016337341493239805
4.734375	0.01660002072679771
4.7421875	0.016859126425564513
4.75	0.017114708957036595
4.7578125	0.017366870392337218
4.765625	0.017615607510431307
4.7734375	0.017860966666435416
4.78125	0.018102994215466087
4.7890625	0.018341776866214868
4.796875	0.018577319575611415
4.8046875	0.018809665695150364
4.8125	0.019038858576326353
4.8203125	0.019264982256022814
4.828125	0.019488038285571427
4.8359375	0.019708066969675326
4.84375	0.019925108613037656
4.8515625	0.020139234605360226
4.859375	0.02035045393736767
4.8671875	0.020558804772735948
4.875	0.02076432527514099
4.8828125	0.020967113649539678
4.890625	0.02116714715342207
4.8984375	0.021364461189961912
4.90625	0.021559091162332924
4.9140625	0.02175112526118924
4.921875	0.02194054585483851
4.9296875	0.02212738623310026
4.9375	0.022311679685794044
4.9453125	0.022493511976832102
4.953125	0.022672863663551864
4.9609375	0.022849765925688614
4.96875	0.02302424994297763
4.9765625	0.02319639121561808
4.984375	0.0233661770695974
4.9921875	0.02353363731834132
5.	0.023698801775275606
5.0078125	0.023861770353781876
5.015625	0.024022502606985588
5.0234375	0.024181026379816124
5.03125	0.02433736951720288
5.0390625	0.024491614149495935
5.046875	0.024643732558899963
5.0546875	0.024793751313040308
5.0625	0.02494169697954236
5.0703125	0.02508764967272971
5.078125	0.025231581153607196
5.0859375	0.025373516729877848
5.09375	0.025513481709244733
5.1015625	0.02565155434302937
5.109375	0.025787705749584153
5.1171875	0.02592195999087993
5.125	0.026054341128887566
5.1328125	0.026184945735718296
5.140625	0.026313723657081647
5.1484375	0.02644069724882752
5.15625	0.026565888866805817
5.1640625	0.026689365630968232
5.171875	0.026811104079789903
5.1796875	0.026931125515847754
5.1875	0.027049451241718713
5.1953125	0.02716614690091503
5.203125	0.027281188411762174
5.2109375	0.027394596033520943
5.21875	0.02750639002545214
5.2265625	0.027616634490282826
5.234375	0.027725304812196563
5.2421875	0.027832420218843176
5.25	0.027937999937872493
5.2578125	0.02804212216341632
5.265625	0.02814474576919587
5.2734375	0.028245888595414333
5.28125	0.028345568482274906
5.2890625	0.028443837753376826
5.296875	0.028540678954153218
5.3046875	0.028636109113433235
5.3125	0.02873014526004605
5.3203125	0.02882283848387848
5.328125	0.0289141709512654
5.3359375	0.02900415888959931
5.34375	0.02909281852627273
5.3515625	0.029180199762968904
5.359375	0.029266284360453358
5.3671875	0.029351087753782385
5.375	0.029434625378012225
5.3828125	0.029516958109851235
5.390625	0.029598054873488253
5.3984375	0.029677930034764197
5.40625	0.029756597959519997
5.4140625	0.0298340998481983
5.421875	0.029910422600635905
5.4296875	0.029985579951271338
5.4375	0.030059585634543123
5.4453125	0.030132479921285468
5.453125	0.03020424938515544
5.4609375	0.030274907136205793
5.46875	0.030344466284489263
5.4765625	0.030412966156245932
5.484375	0.030480393028489754
5.4921875	0.030546759394422005
5.5	0.030612077747243963
5.5078125	0.03067639642805157
5.515625	0.03073969123867158
5.5234375	0.03080197382882538
5.53125	0.03086325584823438
5.5390625	0.03092357002425146
5.546875	0.030982906433022286
5.5546875	0.03104127622832399
5.5625	0.03109869056393371
5.5703125	0.031155181479370093
5.578125	0.031210738751239548
5.5859375	0.031265373041890004
5.59375	0.03131909501366939
5.6015625	0.03137193623089284
5.609375	0.03142388596213007
5.6171875	0.031474954377918
5.625	0.031525151648793576
5.6328125	0.031574517433188086
5.640625	0.03162303171991128
5.6484375	0.031670703985667285
5.65625	0.03171754370716022
5.6640625	0.03176357859230166
5.671875	0.031808799457618685
5.6796875	0.031853215350845815
5.6875	0.03189683531971762
5.6953125	0.031939686438642506
5.703125	0.03198175930452407
5.7109375	0.03202306254093983
5.71875	0.03206360477146729
5.7265625	0.03210341207507073
5.734375	0.03214247520922589
5.7421875	0.03218080238679528
5.75	0.032218401820641424
5.7578125	0.03225531636299158
5.765625	0.03229152003361824
5.7734375	0.03232702044055979
5.78125	0.03236182519185463
5.7890625	0.032395967418369254
5.796875	0.03242942982659505
5.8046875	0.03246221962766969
5.8125	0.0324943440327308
5.8203125	0.032525835530073474
5.828125	0.032556676669106416
5.8359375	0.032586874267908135
5.84375	0.03261643514455714
5.8515625	0.032645391396915434
5.859375	0.03267372516649586
5.8671875	0.03270144287623122
5.875	0.0327285509490543
5.8828125	0.032755080800616364
5.890625	0.03278101445761575
5.8984375	0.032806357952345926
5.90625	0.0328311173171004
5.9140625	0.03285531470457025
5.921875	0.032878940821965116
5.9296875	0.03290200151804454
5.9375	0.03292450264156808
5.9453125	0.03294646601199146
5.953125	0.03296788229530614
5.9609375	0.03298875715844212
5.96875	0.033009096268329395
5.9765625	0.03302892100569185
5.984375	0.033048222098919194
5.9921875	0.03306700503603671
6.	0.033085275305069745
6.0078125	0.03310308159368929
6.015625	0.03312038679644185
6.0234375	0.03313719606202867
6.03125	0.03315351453915099
6.0390625	0.03316937489257276
6.046875	0.03318475459354798
6.0546875	0.03319965862939336
6.0625	0.03321409198742561
6.0703125	0.03322808692076529
6.078125	0.03324162099100851
6.0859375	0.03325469902555525
6.09375	0.0332673258518055
6.1015625	0.0332795333193776
6.109375	0.03329129907496506
6.1171875	0.033302627787479756
6.125	0.03331352412583358
6.1328125	0.03332401955742805
6.140625	0.03333409179550953
6.1484375	0.033343745351814
6.15625	0.033352984738077476
6.1640625	0.0333618410262654
6.171875	0.03337029201210585
6.1796875	0.03337834205155632
6.1875	0.03338599550057434
6.1953125	0.03339328301064196
6.203125	0.03340018248796622
6.2109375	0.03340669813427872
6.21875	0.033412834151310994
6.2265625	0.03341862079995671
6.234375	0.03342403606994569
6.2421875	0.03342908401016988
6.25	0.033433768669521156
6.2578125	0.03343814218661471
6.265625	0.03344216023856803
6.2734375	0.033445826592221874
6.28125	0.03344914501441695
6.2890625	0.03345214133338229
6.296875	0.03345479712517809
6.3046875	0.03345711602725278
6.3125	0.033459101677054806
6.3203125	0.03346077960298382
6.328125	0.03346213142314439
6.3359375	0.03346316064659226
6.34375	0.03346387078238322
6.3515625	0.033464287022523936
6.359375	0.03346439106594653
6.3671875	0.03346418629453404
6.375	0.0334636760901695
6.3828125	0.03346288531980176
6.390625	0.033461795754235905
6.3984375	0.03346041064934288
6.40625	0.033458733260993606
6.4140625	0.03345678812622324
6.421875	0.033454557094922226
6.4296875	0.0334520432981453
6.4375	0.03344924986694713
6.4453125	0.03344620106977245
6.453125	0.033442878776312975
6.4609375	0.03343928599365048
6.46875	0.03343542572886669
6.4765625	0.0334313219486814
6.484375	0.03342695657760787
6.4921875	0.033422332499797446
6.5	0.033417452599401404
6.5078125	0.033412355807604044
6.515625	0.03340700875010416
6.5234375	0.03340141409963354
6.53125	0.03339557452892393
6.5390625	0.0333895078607813
6.546875	0.033383201529006486
6.5546875	0.033376658117474506
6.5625	0.033369880210060404
6.5703125	0.033362885407833415
6.578125	0.03335566118939698
6.5859375	0.033348210050548714
6.59375	0.033340534487086265
6.6015625	0.03333265193272913
6.609375	0.033324549857740644
6.6171875	0.033316230670306014
6.625	0.03330769677861044
6.6328125	0.033298965435463006
6.640625	0.033290024117359776
6.6484375	0.03328087514542069
6.65625	0.03327152084076573
6.6640625	0.03326197825133192
6.671875	0.03325223488504783
6.6796875	0.033242292976659114
6.6875	0.033232154760911445
6.6953125	0.033221837061635215
6.703125	0.03321132743892487
6.7109375	0.03320062804195958
6.71875	0.03318974101991852
6.7265625	0.03317868300294776
6.734375	0.03316744157432723
6.7421875	0.033156018798303766
6.75	0.033144416739124195
6.7578125	0.033132662555939545
6.765625	0.03312073307090825
6.7734375	0.033108630201092934
6.78125	0.033096355863556234
6.7890625	0.03308392262786133
6.796875	0.03307132169609229
6.8046875	0.03305855492283375
6.8125	0.03304562416267036
6.8203125	0.03303254180781007
6.828125	0.03301929911340991
6.8359375	0.03300589787225028
6.84375	0.03299233987711156
6.8515625	0.032978637344941206
6.859375	0.032964781583213726
6.8671875	0.03295077432357068
6.875	0.032936617297653646
6.8828125	0.03292232255806049
6.890625	0.032907881454943035
6.8984375	0.03289329565940938
6.90625	0.03287856684256761
6.9140625	0.03286370696678472
6.921875	0.03284870735155064
6.9296875	0.0328335696076142
6.9375	0.03281829534572422
6.9453125	0.03280289640202187
6.953125	0.03278736410189064
6.9609375	0.03277169999610636
6.96875	0.032755905635444865
6.9765625	0.032739992706451476
6.984375	0.03272395256468521
6.9921875	0.03270778670147461
7.	0.03269149660814817
7.0078125	0.0326751012803567
7.015625	0.032658584602441774
7.0234375	0.032641947963067255
7.03125	0.03262519275089701
7.0390625	0.03260832773203663
7.046875	0.032591346874438806
7.0546875	0.032574251523497945
7.0625	0.032557043024608455
7.0703125	0.03253973013294966
7.078125	0.03252230674067193
7.0859375	0.0325047741497105
7.09375	0.03248713366200064
7.1015625	0.03246939397614046
7.109375	0.032451548954020186
7.1171875	0.032433599854192904
7.125	0.03241554793521168
7.1328125	0.03239740182681398
7.140625	0.03237915537313574
7.1484375	0.032360809789497284
7.15625	0.03234236629121893
7.1640625	0.03232383337156942
7.171875	0.03230520492523475
7.1796875	0.03228648212484933
7.1875	0.03226766614304757
7.1953125	0.03224876538494504
7.203125	0.03222977374827576
7.2109375	0.03221069236325486
7.21875	0.032191522360097535
7.2265625	0.03217227208354048
7.234375	0.03215293540696341
7.2421875	0.03213351341826757
7.25	0.032114007205354234
7.2578125	0.03209443049441586
7.265625	0.03207477166093761
7.2734375	0.03205503171869587
7.28125	0.03203521168146702
7.2890625	0.0320153180117988
7.296875	0.03199534624273862
7.3046875	0.031975297356105256
7.3125	0.031955172333717495
7.3203125	0.0319349775169294
7.328125	0.031914708496590234
7.3359375	0.03189436622308454
7.34375	0.03187395164679688
7.3515625	0.031853471031162775
7.359375	0.031832919982354206
7.3671875	0.03181229941959415
7.375	0.03179161026210556
7.3828125	0.031770858708652094
7.390625	0.03175004036795097
7.3984375	0.03172915612826012
7.40625	0.03170820687783743
7.4140625	0.031687198801164065
7.421875	0.031666127459211796
7.4296875	0.031644993709175666
7.4375	0.031623798408250685
7.4453125	0.031602547659504314
7.453125	0.03158123704349156
7.4609375	0.03155986738663986
7.46875	0.031538439515376666
7.4765625	0.03151695945527178
7.484375	0.031495422803116783
7.4921875	0.031473830354845606
7.5	0.03145218290639218
7.5078125	0.03143049097063309
7.515625	0.03140874556956878
7.5234375	0.0313869474421423
7.53125	0.031365097327296726
7.5390625	0.031343200524499154
7.546875	0.03132125318542069
7.5546875	0.03129925602225647
7.5625	0.031277209747201634
7.5703125	0.031255119663198334
7.578125	0.031232981864769457
7.5859375	0.031210797037184948
7.59375	0.031188565865714724
7.6015625	0.031166293611347477
7.609375	0.031143976356797318
7.6171875	0.031121614760497112
7.625	0.03109920948087971
7.6328125	0.031076765732433183
7.640625	0.03105427959081347
7.6484375	0.03103175168773172
7.65625	0.031009182654899062
7.6640625	0.03098657760105933
7.671875	0.030963932654632716
7.6796875	0.03094124842107209
7.6875	0.030918525505830338
7.6953125	0.030895769026078934
7.703125	0.030872975049090465
7.7109375	0.030850144153856125
7.71875	0.030827276919367097
7.7265625	0.030804378410691637
7.734375	0.030781444694432572
7.7421875	0.030758476323269765
7.75	0.030735473849883135
7.7578125	0.0307124497634214
7.765625	0.03068939286120916
7.7734375	0.030666303648075526
7.78125	0.030643182628849613
7.7890625	0.030620037726285347
7.796875	0.0305968622342325
7.8046875	0.03057365663611202
7.8125	0.030550421415344864
7.8203125	0.030527164367315562
7.828125	0.030503878867470864
7.8359375	0.030480565378129376
7.84375	0.030457224361609716
7.8515625	0.03043386356880477
7.859375	0.03041047637679572
7.8671875	0.030387063226866313
7.875	0.030363624560300326
7.8828125	0.03034016808299431
7.890625	0.0303166871742876
7.8984375	0.03029318225449827
7.90625	0.030269653743944396
7.9140625	0.030246109403146277
7.921875	0.030222542516996923
7.9296875	0.030198953484630545
7.9375	0.03017534270518137
7.9453125	0.030151717793090147
7.953125	0.030128072133477395
7.9609375	0.03010440610465395
7.96875	0.03008072008493063
7.9765625	0.03005702170685199
7.984375	0.03003330429687394
7.9921875	0.030009568212371593
8.	0.029985813810720033
8.015625	0.029938266177581288
8.03125	0.029890650289194784
8.046875	0.02984296883728861
8.0625	0.02979522451359086
8.078125	0.029747420009829644
8.09375	0.02969955801773306
8.109375	0.029651641229029205
8.125	0.029603672335446172
8.140625	0.02955565402871206
8.15625	0.029507589000554984
8.171875	0.029459479942703037
8.1875	0.0294113295468843
8.203125	0.029363140504826895
8.21875	0.029314915508258908
8.234375	0.029266657248908437
8.25	0.029218368418503598
8.265625	0.029170073171256188
8.28125	0.02912175261053092
8.296875	0.029073430740324133
8.3125	0.029025088562599402
8.328125	0.028976750069923944
8.34375	0.028928396023546174
8.359375	0.028880050264167203
8.375	0.02883169345223613
8.390625	0.028783349274445917
8.40625	0.028734998292900476
8.421875	0.028686663883789303
8.4375	0.028638326668610756
8.453125	0.028590010019531296
8.46875	0.02854169431133528
8.484375	0.028493402436673657
8.5	0.028445115000474617
8.515625	0.028396854607401316
8.53125	0.02834860190403701
8.546875	0.02830035845466265
8.5625	0.028252125823559238
8.578125	0.028203905575007737
8.59375	0.02815569927328913
8.609375	0.028107508482684396
8.625	0.028059334767474506
8.640625	0.028011179691940447
8.65625	0.027963044820363183
8.671875	0.027914931717023694
8.6875	0.027866841946202967
8.703125	0.027818777072181968
8.71875	0.02777073865924169
8.734375	0.027722728271663083
8.75	0.027674747473727147
8.765625	0.02762681221240284
8.78125	0.0275789095849272
8.796875	0.027531055465889624
8.8125	0.027483236856124606
8.828125	0.027435469534280596
8.84375	0.027387740428348198
8.859375	0.027340065237991693
8.875	0.027292430801437034
8.890625	0.027244852736987388
8.90625	0.02719731779543171
8.921875	0.027149841535371748
8.9375	0.027102410598337127
8.953125	0.027055040435081903
8.96875	0.027007717626014317
8.984375	0.026960457747311813
9.	0.026913247083896072
9.015625	0.026866101156335236
9.03125	0.02681900613369022
9.046875	0.026771962817864006
9.0625	0.026724972010759563
9.078125	0.026678034514279858
9.09375	0.026631151130327865
9.109375	0.02658432266080655
9.125	0.026537549907618894
9.140625	0.02649083367266786
9.15625	0.026444174757856424
9.171875	0.026397573965087563
9.1875	0.02635103209626423
9.203125	0.026304549953289416
9.21875	0.02625812833806608
9.234375	0.0262117680524972
9.25	0.026165469898485748
9.265625	0.026119242957977587
9.28125	0.026073079704269485
9.296875	0.026026989199187136
9.3125	0.025980963838854076
9.328125	0.025935012666841964
9.34375	0.025889127999889364
9.359375	0.02584331886172317
9.375	0.025797577490938507
9.390625	0.02575191288942042
9.40625	0.02570631721928748
9.421875	0.025660799457265713
9.4375	0.025615351692013295
9.453125	0.025569982874411125
9.46875	0.02552468502006384
9.484375	0.025479466978624684
9.5	0.02543432076819253
9.515625	0.025389255216598832
9.53125	0.02534426226517345
9.546875	0.025299342273809176
9.5625	0.0252544956023988
9.578125	0.02520972261083511
9.59375	0.025165023659010882
9.609375	0.025120399106818923
9.625	0.025075849314152014
9.640625	0.025031374640902937
9.65625	0.024986975446964484
9.671875	0.02494265209222945
9.6875	0.02489840493659061
9.703125	0.024854234339940766
9.71875	0.0248101406621727
9.734375	0.024766124263179194
9.75	0.024722185502853045
9.765625	0.024678329274899092
9.78125	0.024634551378806803
9.796875	0.024590856724273105
9.8125	0.024547241041363063
9.828125	0.024503709247674203
9.84375	0.024460257011485183
9.859375	0.02441688925633783
9.875	0.024373601590283428
9.890625	0.024330398941217204
9.90625	0.024287276858175208
9.921875	0.02424424027220892
9.9375	0.024201284674171642
9.953125	0.024158414997394115
9.96875	0.02411562667506928
9.984375	0.024072924647936575
10.	0.024030304286017518
10.015625	0.02398777052006605
10.03125	0.02394531867401451
10.046875	0.02390294886116097
10.0625	0.023860661194803498
10.078125	0.023818455788240187
10.09375	0.023776332754769102
10.109375	0.02373429220768832
10.125	0.02369233426029592
10.140625	0.023650459025889983
10.15625	0.023608666617768576
10.171875	0.023566957149229788
10.1875	0.02352533073357168
10.203125	0.02348378748409235
10.21875	0.023442327514089853
10.234375	0.023400950936862275
10.25	0.023359657865707692
10.265625	0.023318451020935587
10.28125	0.023277327893542237
10.296875	0.023236291217547243
10.3125	0.02319533843948591
10.328125	0.023154472309995913
10.34375	0.023113690227885356
10.359375	0.023072994959392176
10.375	0.0230323838562437
10.390625	0.022991859699033296
10.40625	0.022951419793292002
10.421875	0.022911066932756755
10.4375	0.022870798377626123
10.453125	0.022830616932019737
10.46875	0.022790519813237826
10.484375	0.02275050983653429
10.5	0.022710584175242503
10.515625	0.022670745656422662
10.53125	0.02263099140844214
10.546875	0.022591321400683335
10.5625	0.022551735602528603
10.578125	0.02251223398336032
10.59375	0.022472816512560858
10.609375	0.022433483159512588
10.625	0.022394233893597883
10.640625	0.022355068684199113
10.65625	0.022315987500698645
10.671875	0.02227699031247886
10.6875	0.022238077088922115
10.703125	0.022199247799410796
10.71875	0.022160502413327274
10.734375	0.022121840900053907
10.75	0.02208326322897308
10.765625	0.022044770654413754
10.78125	0.022006361853275355
10.796875	0.021968038104399814
10.8125	0.021929798044912945
10.828125	0.021891642974339813
10.84375	0.021853571493507848
10.859375	0.021815584922131932
10.875	0.02177768182490312
10.890625	0.02173986354149138
10.90625	0.021702128600357168
10.921875	0.021664478359458443
10.9375	0.021626911312372352
10.953125	0.021589428835646563
10.96875	0.0215520293873596
10.984375	0.021514714919776662
11.	0.021477483294764985
11.015625	0.02144033591656201
11.03125	0.021403271174286354
11.046875	0.02136628896020798
11.0625	0.021329389166596838
11.078125	0.021292571685722902
11.09375	0.021255836409856135
11.109375	0.021219183231266495
11.125	0.021182612042223957
11.140625	0.021146122734998475
11.15625	0.021109715201860016
11.171875	0.021073389335078543
11.1875	0.021037145026924022
11.203125	0.02100098216966641
11.21875	0.020964900655575675
11.234375	0.020928900376921786
11.25	0.020892981225974702
11.265625	0.020857143829746946
11.28125	0.020821387341456585
11.296875	0.020785712409141528
11.3125	0.02075011815622718
11.328125	0.02071460525775915
11.34375	0.02067917280105473
11.359375	0.020643821485181058
11.375	0.02060855036398082
11.390625	0.02057336015780797
11.40625	0.020538249889444124
11.421875	0.0205032203014974
11.4375	0.020468270384408276
11.453125	0.02043340090178456
11.46875	0.020398610812667254
11.484375	0.02036389950377815
11.5	0.020329267308535855
11.515625	0.02029471504193311
11.53125	0.02026024160629311
11.546875	0.020225846857477494
11.5625	0.02019153065134794
11.578125	0.020157292843766095
11.59375	0.020123133290593637
11.609375	0.020089051847692222
11.625	0.020055048370923506
11.640625	0.020021122716149156
11.65625	0.01998727473923083
11.671875	0.01995350429603019
11.6875	0.019919811242408898
11.703125	0.019886195434228617
11.71875	0.01985265672735101
11.734375	0.019819194977637733
11.75	0.019785810040950452
11.765625	0.01975250207347779
11.78125	0.019719270639132976
11.796875	0.01968611596639243
11.8125	0.01965303754718896
11.828125	0.019620035660089193
11.84375	0.019587109746207483
11.859375	0.01955426013721686
11.875	0.01952148622018996
11.890625	0.0194887883821395
11.90625	0.01945616595361617
11.921875	0.019423619372318568
11.9375	0.01939114791647658
11.953125	0.019358752073255252
11.96875	0.019326431069451817
11.984375	0.019294187993766528
12.	0.01926201954040168
12.015625	0.019229926278998444
12.03125	0.019197907334086873
12.046875	0.019165962540416283
12.0625	0.01913409173273597
12.078125	0.01910229474579523
12.09375	0.019070571414343367
12.109375	0.019038921573129693
12.125	0.019007345056903498
12.140625	0.018975841700414085
12.15625	0.01894441133841076
12.171875	0.01891305380564282
12.1875	0.018881768936859566
12.203125	0.018850556566810305
12.21875	0.018819416530244333
12.234375	0.018788348661910956
12.25	0.018757352796559473
12.265625	0.018726428768939183
12.28125	0.018695576413799396
12.296875	0.018664795565889406
12.3125	0.01863408605995852
12.328125	0.018603447730756024
12.34375	0.018572880413031248
12.359375	0.018542383941533472
12.375	0.018511958151011997
12.390625	0.01848160287621614
12.40625	0.018451317951895183
12.421875	0.018421103212798443
12.4375	0.018390958493675214
12.453125	0.018360883629274807
12.46875	0.018330878454346514
12.484375	0.018300942803639635
12.5	0.018271076511903475
12.515625	0.018241279413887344
12.53125	0.018211551344340528
12.546875	0.01818189213801234
12.5625	0.018152301629652073
12.578125	0.018122779654009036
12.59375	0.018093326045832525
12.609375	0.01806394063987185
12.625	0.018034623270876307
12.640625	0.018005373773595193
12.65625	0.017976191982777816
12.671875	0.017947077733173476
12.6875	0.017918030859531472
12.703125	0.01788905119660111
12.71875	0.01786013857913169
12.734375	0.01783129284187251
12.75	0.01780251381957288
12.765625	0.017773800489268857
12.78125	0.017745153544679704
12.796875	0.01771657203190531
12.8125	0.017688056578015216
12.828125	0.01765960632870488
12.84375	0.017631221813618772
12.859375	0.01760290227274218
12.875	0.017574648143319355
12.890625	0.017546458755001465
12.90625	0.017518334456989727
12.921875	0.01749027466834317
12.9375	0.017462279650218
12.953125	0.017434348909672586
12.96875	0.017406482620968687
12.984375	0.017378678427156284
13.	0.01735093837021428
13.015625	0.017323262134561614
13.03125	0.017295649724262525
13.046875	0.017268100983675608
13.0625	0.017240615757159447
13.078125	0.017213193889072623
13.09375	0.017185835223773736
13.109375	0.017158539605621366
13.125	0.017131306878974104
13.140625	0.017104136888190537
13.15625	0.017077029477629263
13.171875	0.017049984491648858
13.1875	0.01702300177460791
13.203125	0.016996081170865016
13.21875	0.016969222524778758
13.234375	0.01694242568070773
13.25	0.016915690483010518
13.265625	0.0168890167760457
13.28125	0.016862404404171874
13.296875	0.01683585321174763
13.3125	0.01680936304313156
13.328125	0.016782933742682235
13.34375	0.016756565154758263
13.359375	0.01673025712371822
13.375	0.016704009493920695
13.390625	0.016677822109724284
13.40625	0.01665169481548757
13.421875	0.016625627455569145
13.4375	0.01659961987432759
13.453125	0.016573671916121493
13.46875	0.01654778342530945
13.484375	0.016521954246250043
13.5	0.016496184223301867
13.515625	0.016470473200823503
13.53125	0.016444821023173548
13.546875	0.01641922753471058
13.5625	0.01639369257979319
13.578125	0.016368216002779972
13.59375	0.016342797648029515
13.609375	0.0163174373599004
13.625	0.016292134982751214
13.640625	0.01626689036094055
13.65625	0.016241703338827
13.671875	0.016216573760769144
13.6875	0.01619150147112558
13.703125	0.016166486314254887
13.71875	0.016141528134515654
13.734375	0.016116626776266477
13.75	0.016091782083865934
13.765625	0.01606699216113612
13.78125	0.016042258595522364
13.796875	0.016017579585720157
13.8125	0.015992956629266614
13.828125	0.015968388003147066
13.84375	0.015943875131327556
13.859375	0.015919416367920602
13.875	0.01589501306426301
13.890625	0.015870663649059303
13.90625	0.01584636940333653
13.921875	0.015822128832288104
13.9375	0.015797943144519336
13.953125	0.015773810918532097
13.96875	0.01574973329347687
13.984375	0.01572570919474742
14.	0.015701739417845945
14.015625	0.015677822681035705
14.03125	0.01565395998999298
14.046875	0.015630151207524787
14.0625	0.015606396196438166
14.078125	0.015582694819540154
14.09375	0.015559046939637769
14.109375	0.015535452419538052
14.125	0.01551191112204804
14.140625	0.015488422909974755
14.15625	0.015464987646125234
14.171875	0.015441605193306514
14.1875	0.01541827541432562
14.203125	0.015394998171989586
14.21875	0.015371773329105443
14.234375	0.015348600748480224
14.25	0.015325480292920968
14.265625	0.015302411825234695
14.28125	0.015279395208228444
14.296875	0.015256430304709252
14.3125	0.015233516977484143
14.328125	0.015210655089360151
14.34375	0.01518784450314431
14.359375	0.015165085081643647
14.375	0.015142376687665207
14.390625	0.015119719184016008
14.40625	0.01509711243350309
14.421875	0.015074556298933485
14.4375	0.015052050643114219
14.453125	0.015029595328852332
14.46875	0.015007190218954851
14.484375	0.014984835176228811
14.5	0.014962530063481243
14.515625	0.014940274743519178
14.53125	0.014918069079149653
14.546875	0.014895912933179692
14.5625	0.014873806168416338
14.578125	0.014851748647666616
14.59375	0.014829740233737556
14.609375	0.014807780789436195
14.625	0.014785870177569561
14.640625	0.014764008260944697
14.65625	0.01474219490236862
14.671875	0.014720429964648372
14.6875	0.01469871331059098
14.703125	0.014677044803003478
14.71875	0.014655424304692907
14.734375	0.014633851678466283
14.75	0.014612326787130647
14.765625	0.01459084766717125
14.78125	0.01456941601039283
14.796875	0.01454802990484116
14.8125	0.0145266909960407
14.828125	0.014505397426724095
14.84375	0.014484150792861214
14.859375	0.014462949291059072
14.875	0.014441794468393936
14.890625	0.014420684577154452
14.90625	0.01439962111356278
14.921875	0.014378602379350621
14.9375	0.014357629825977637
14.953125	0.014336701806417995
14.96875	0.014315819725428816
14.984375	0.014294981985129109
15.	0.014274189945530607
15.015625	0.01425344206462857
15.03125	0.01423273965081053
15.046875	0.014212082588311211
15.0625	0.01419147076136535
15.078125	0.014170904054207666
15.09375	0.014150382351072898
15.109375	0.014129905536195765
15.125	0.014109473493811003
15.140625	0.014089086108153341
15.15625	0.014068743263457504
15.171875	0.014048444843958226
15.1875	0.014028190733890234
15.203125	0.014007980817488259
15.21875	0.01398781497898703
15.234375	0.013967693102621269
15.25	0.013947615072625714
15.265625	0.01392758077323509
15.28125	0.013907590088684125
15.296875	0.013887642903207554
15.3125	0.013867739101040102
15.328125	0.013847878566416498
15.34375	0.013828061183571471
15.359375	0.013808286836739755
15.375	0.013788555410156072
15.390625	0.013768866788055154
15.40625	0.01374922085467173
15.421875	0.013729617494240532
15.4375	0.013710056590996285
15.453125	0.01369053802917372
15.46875	0.013671061693007566
15.484375	0.013651627466732557
15.5	0.013632235234583413
15.515625	0.013612884880794868
15.53125	0.013593576289601653
15.546875	0.013574309345238494
15.5625	0.013555083931940121
15.578125	0.013535899933941263
15.59375	0.013516757235476651
15.609375	0.013497655720781014
15.625	0.013478595274089077
15.640625	0.013459575779635575
15.65625	0.013440597121655233
15.671875	0.01342165918438278
15.6875	0.013402761852052948
15.703125	0.013383905008900465
15.71875	0.01336508853916006
15.734375	0.013346312327066462
15.75	0.0133275762568544
15.765625	0.013308878581690043
15.78125	0.013290220819266523
15.796875	0.013271601263689795
15.8125	0.013253021396436413
15.828125	0.013234479546415849
15.84375	0.013215977164920283
15.859375	0.013197512618466134
15.875	0.013179087325258458
15.890625	0.013160699687030188
15.90625	0.0131423510911896
15.921875	0.013124039981081317
15.9375	0.013105767706815574
15.953125	0.013087532747778303
15.96875	0.01306933642224461
15.984375	0.013051177255087525
16.	0.013033056523187966
16.03125	0.012996927268375126
16.0625	0.012960950593065065
16.09375	0.012925125728193276
16.125	0.012889451904695256
16.15625	0.012853928353506495
16.1875	0.012818554305562491
16.21875	0.01278332899179874
16.25	0.012748251643150736
16.28125	0.01271332149055397
16.3125	0.012678537764943938
16.34375	0.012643899697256142
16.375	0.012609406518426068
16.40625	0.012575057459389213
16.4375	0.012540851751081073
16.46875	0.012506788624437144
16.5	0.012472867310392918
16.53125	0.012439087039883893
16.5625	0.012405447043845559
16.59375	0.012371946553213414
16.625	0.012338584798922952
16.65625	0.012305361011909667
16.6875	0.012272274423109058
16.71875	0.012239324263456614
16.75	0.012206509763887834
16.78125	0.012173827406337953
16.8125	0.012141276482199807
16.84375	0.012108856331806115
16.875	0.012076566283533966
16.90625	0.012044405681198682
16.9375	0.012012373853077941
16.96875	0.011980470168699365
17.	0.01194869398257649
17.03125	0.011917044707315737
17.0625	0.011885524090897083
17.09375	0.011854131499021467
17.125	0.011822866297389814
17.15625	0.011791727851703057
17.1875	0.01176071552766213
17.21875	0.011729828690967968
17.25	0.011699066707321496
17.28125	0.011668428942423653
17.3125	0.011637914761975364
17.34375	0.011607523531677565
17.375	0.011577254617231183
17.40625	0.011547107384337155
17.4375	0.011517081198696412
17.46875	0.011487175426009886
17.5	0.011457389431978502
17.53125	0.011427722582303205
17.5625	0.011398174242684914
17.59375	0.011368743778824568
17.625	0.011339430556423094
17.65625	0.01131023394118143
17.6875	0.011281153298800504
17.71875	0.011252187994981249
17.75	0.011223337395424592
17.78125	0.01119459860741786
17.8125	0.011165971050238435
17.84375	0.011137454110594906
17.875	0.011109047227884474
17.90625	0.011080749853802922
17.9375	0.011052561494762185
17.96875	0.011024481631592186
18.	0.010996509772370398
18.03125	0.010968645413432836
18.0625	0.010940889990046323
18.09375	0.0109132429799877
18.125	0.01088570386103382
18.15625	0.010858272110961525
18.1875	0.010830947207547657
18.21875	0.01080372862856906
18.25	0.010776615851802581
18.28125	0.010749608355025062
18.3125	0.010722705616013345
18.34375	0.01069590711254428
18.375	0.010669212322394712
18.40625	0.010642620723341479
18.4375	0.01061613179316143
18.46875	0.010589745009631406
18.5	0.010563459850528253
18.53125	0.010537275793628821
18.5625	0.010511192316709942
18.59375	0.010485208897548469
18.625	0.010459325013921248
18.65625	0.010433540143605119
18.6875	0.010407853764376926
18.71875	0.010382265354013515
18.75	0.010356774390291732
18.78125	0.010331378163003132
18.8125	0.010306076192385922
18.84375	0.010280868037377888
18.875	0.01025575324385731
18.90625	0.01023073136965933
18.9375	0.010205801957690962
18.96875	0.010180964583458598
19.	0.010156218834074535
19.03125	0.01013156431215346
19.0625	0.010107002568743053
19.09375	0.010082533190560652
19.125	0.010058155764323597
19.15625	0.010033869876749237
19.1875	0.010009675114554903
19.21875	0.009985571064457945
19.25	0.0099615573131757
19.28125	0.009937633447425515
19.3125	0.009913799053924727
19.34375	0.00989005371939068
19.375	0.009866397030540713
19.40625	0.009842828574092171
19.4375	0.00981934793676239
19.46875	0.009795954705268721
19.5	0.009772648466328495
19.53125	0.00974942880665906
19.5625	0.009726295312977758
19.59375	0.009703247572001925
19.625	0.00968028517044891
19.65625	0.009657407695036053
19.6875	0.00963461473248069
19.71875	0.009611905869500167
19.75	0.009589280692811827
19.78125	0.009566734794686406
19.8125	0.009544267697394086
19.84375	0.009521878927101095
19.875	0.00949956803226782
19.90625	0.009477334573396029
19.9375	0.009455178134352073
19.96875	0.009433098303022882
20.	0.009411094676017539
20.03125	0.009389166863686262
20.0625	0.009367318052868315
20.09375	0.009345547929161839
20.125	0.009323856178164981
20.15625	0.009302242485475887
20.1875	0.0092807065366927
20.21875	0.009259248017413568
20.25	0.009237866613236632
20.28125	0.009216562009760045
20.3125	0.009195333892581944
20.34375	0.009174181947300474
20.375	0.009153105859513785
20.40625	0.00913210531482002
20.4375	0.009111179998817326
20.46875	0.009090329597103847
20.5	0.009069553795277725
20.53125	0.009048852278937107
20.5625	0.009028224733680142
20.59375	0.009007670845104971
20.625	0.00898719029880974
20.65625	0.008966782780392594
20.6875	0.00894644797545168
20.71875	0.00892618556958514
20.75	0.008905995248391118
20.78125	0.008885876697467763
20.8125	0.00886582960241322
20.84375	0.008845853648825635
20.875	0.008825948522303149
20.90625	0.00880611390844391
20.9375	0.008786349492846061
20.96875	0.008766654961107748
21.	0.008747029998827118
21.03125	0.008727474291602316
21.0625	0.008707987525031484
21.09375	0.008688569384712769
21.125	0.008669219556244315
21.15625	0.008649937725224273
21.1875	0.008630723577250777
21.21875	0.008611576797921983
21.25	0.00859249707283603
21.28125	0.008573484087591066
21.3125	0.008554537527785233
21.34375	0.008535657079016679
21.375	0.008516842426883548
21.40625	0.008498093256983986
21.4375	0.008479409254916137
21.46875	0.008460790106278147
21.5	0.00844223549666816
21.53125	0.008423745111684321
21.5625	0.008405318636924779
21.59375	0.008386955757987672
21.625	0.008368656160471152
21.65625	0.008350419529973362
21.6875	0.008332245552092443
21.71875	0.008314133912426545
21.75	0.008296084296573815
21.78125	0.008278089798507481
21.8125	0.008260150192832513
21.84375	0.008242265255208195
21.875	0.00822443476981869
21.90625	0.008206658529405227
21.9375	0.00818893633015874
21.96875	0.00817126798873228
22.	0.008153653323393857
22.03125	0.008136092155474423
22.0625	0.008118590289225958
22.09375	0.00810114749340355
22.125	0.008083763536762274
22.15625	0.008066438188057218
22.1875	0.008049171216043458
22.21875	0.008031962389476082
22.25	0.008014811477110168
22.28125	0.007997718247700798
22.3125	0.007980682470003055
22.34375	0.00796370391277202
22.375	0.007946782344762777
22.40625	0.007929917534730404
22.4375	0.007913109251429984
22.46875	0.007896357263616602
22.5	0.007879661340045335
22.53125	0.007863021249471268
22.5625	0.007846436760649481
22.59375	0.007829907642335057
22.625	0.00781343366328308
22.65625	0.0077970145922486266
22.6875	0.0077806501979867815
22.71875	0.007764340249252627
22.75	0.007748084514801244
22.78125	0.007731882763387714
22.8125	0.007715734763767119
22.84375	0.007699640284694541
22.875	0.007683599094925063
22.90625	0.007667610963213764
22.9375	0.0076516756583157285
22.96875	0.007635792948986039
23.	0.0076199626039797725
23.03125	0.007604184392052016
23.0625	0.007588458081957848
23.09375	0.007572783442452352
23.125	0.007557160242290608
23.15625	0.0075415882502277
23.1875	0.0075260672350187085
23.21875	0.007510596965418716
23.25	0.007495177210182804
23.28125	0.007479807738066054
23.3125	0.007464488317823549
23.34375	0.00744921871821037
23.375	0.007433998707981598
23.40625	0.007418828055892315
23.4375	0.0074037065306976025
23.46875	0.007388633901152545
23.5	0.0073736099360122214
23.53125	0.007358634404031715
23.5625	0.0073437070739661055
23.59375	0.007328827714570478
23.625	0.007313996094599913
23.65625	0.00729921198280949
23.6875	0.007284475147954294
23.71875	0.0072697853587894035
23.75	0.007255142384069903
23.78125	0.0072405407731297765
23.8125	0.0072259803432886864
23.84375	0.007211460928073575
23.875	0.007196982367796662
23.90625	0.0071825445103738655
23.9375	0.007168147218274036
23.96875	0.007153790345221963
24.	0.007139473758346348
24.03125	0.007125197335469243
24.0625	0.007110965750505684
24.09375	0.00709677883854875
24.125	0.007082636434691516
24.15625	0.007068538374027055
24.1875	0.007054484491648448
24.21875	0.007040474622648769
24.25	0.007026508602121096
24.28125	0.007012586265158503
24.3125	0.006998707446854065
24.34375	0.0069848719823008614
24.375	0.006971079706591967
24.40625	0.00695733045482046
24.4375	0.006943624062079415
24.46875	0.006929960363461905
24.5	0.006916339194061013
24.53125	0.00690276038896981
24.5625	0.006889223783281375
24.59375	0.006875729212088784
24.625	0.00686227651048511
24.65625	0.006848865513563433
24.6875	0.006835496056416829
24.71875	0.006822167974138371
24.75	0.006808881101821139
24.78125	0.006795635274558206
24.8125	0.006782430327442652
24.84375	0.00676926609556755
24.875	0.006756142414025978
24.90625	0.006743059117911012
24.9375	0.0067300160423157274
24.96875	0.006717013022333201
25.	0.006704049893056508
25.03125	0.006691126489578727
25.0625	0.0066782426469929315
25.09375	0.006665398200392201
25.125	0.006652592984869609
25.15625	0.0066398268355182324
25.1875	0.006627099587431147
25.21875	0.00661441107570143
25.25	0.00660176113542216
25.28125	0.006589149601686407
25.3125	0.0065765763095872514
25.34375	0.006564041094217771
25.375	0.006551543790671039
25.40625	0.006539084234040132
25.4375	0.006526662259418127
25.46875	0.0065142777018981
25.5	0.006501930396573127
25.53125	0.006489620178536285
25.5625	0.006477346882880649
25.59375	0.006465110344699297
25.625	0.006452910399085305
25.65625	0.006440746881131746
25.6875	0.006428619625931701
25.71875	0.006416528468578243
25.75	0.006404473244164451
25.78125	0.00639245025246925
25.8125	0.0063804593676882035
25.84375	0.006368500466615122
25.875	0.0063565734285409735
25.90625	0.0063446781383065705
25.9375	0.0063328144804341135
25.96875	0.006320982349134468
26.	0.00630918164926143
26.03125	0.006297412289104674
26.0625	0.006285677440504619
26.09375	0.0062739769835702015
26.125	0.0062623107984103605
26.15625	0.006250678765134031
26.1875	0.006239080763850152
26.21875	0.0062275166746676575
26.25	0.006215986377695488
26.28125	0.0062044897530425785
26.3125	0.006193026680817866
26.34375	0.006181597041130288
26.375	0.006170200714088783
26.40625	0.0061588375798022855
26.4375	0.006147507518379733
26.46875	0.006136210409930063
26.5	0.006124946134562215
26.53125	0.006113714572385123
26.5625	0.006102515603507723
26.59375	0.006091349108038956
26.625	0.006080214966087754
26.65625	0.0060691130577630575
26.6875	0.006058043263173805
26.71875	0.0060470054624289305
26.75	0.0060359995356373715
26.78125	0.006025025362908065
26.8125	0.00601408282434995
26.84375	0.006003171800071961
26.875	0.005992292170183036
26.90625	0.0059814438147921135
26.9375	0.005970626614008128
26.96875	0.005959840447940017
27.	0.0059490851966967195
27.03125	0.00593836074038717
27.0625	0.0059276669591203065
27.09375	0.005917003733005067
27.125	0.00590637094215039
27.15625	0.005895768466665208
27.1875	0.005885196186658461
27.21875	0.005874653982239085
27.25	0.0058641417335160186
27.28125	0.005853659320598196
27.3125	0.005843206623594556
27.34375	0.005832783522614037
27.375	0.0058223898977655736
27.40625	0.005812025629158104
27.4375	0.005801690596900565
27.46875	0.005791384681101895
27.5	0.005781107761871028
27.53125	0.0057708597193169035
27.5625	0.0057606404335484585
27.59375	0.005750449784674627
27.625	0.005740287652804351
27.65625	0.005730153918046564
27.6875	0.005720048460510204
27.71875	0.005709971160304207
27.75	0.0056999218975375115
27.78125	0.005689898113632485
27.8125	0.005679899715962805
27.84375	0.00566992660397116
27.875	0.005659978693640917
27.90625	0.005650055896354894
27.9375	0.005640158129209415
27.96875	0.005630285318637393
28.	0.005620437378325109
28.03125	0.005610614224476017
28.0625	0.005600818066483667
28.09375	0.00559104881560067
28.125	0.0055813063830796325
28.15625	0.005571590680173166
28.1875	0.005561901618133878
28.21875	0.005552239108214376
28.25	0.005542603061667272
28.28125	0.005532993389745173
28.3125	0.005523410003700688
28.34375	0.005513852814786425
28.375	0.005504321734254995
28.40625	0.005494816673359004
28.4375	0.005485337543351066
28.46875	0.005475884255483784
28.5	0.005466456721009771
28.53125	0.005457054851181632
28.5625	0.00544767855725198
28.59375	0.005438327750473422
28.625	0.005429002342098565
28.65625	0.005419702243380022
28.6875	0.005410427365570398
28.71875	0.0054011776199223045
28.75	0.00539195291768835
28.78125	0.005382753170121141
28.8125	0.005373578288473288
28.84375	0.005364428183997402
28.875	0.00535530276794609
28.90625	0.00534620195157196
28.9375	0.005337125646127621
28.96875	0.005328073762865683
29.	0.005319046213038755
29.03125	0.005310042907899445
29.0625	0.005301063758700362
29.09375	0.005292108676694115
29.125	0.005283177573133313
29.15625	0.005274270359270566
29.1875	0.00526538694635848
29.21875	0.005256527245649666
29.25	0.005247691168396733
29.28125	0.005238878625852289
29.3125	0.005230089529268943
29.34375	0.005221323789899304
29.375	0.005212581318995982
29.40625	0.005203862027811585
29.4375	0.0051951658275987194
29.46875	0.005186492629609999
29.5	0.0051778423450980285
29.53125	0.00516921488531542
29.5625	0.005160610161514779
29.59375	0.005152028084948718
29.625	0.005143468566869842
29.65625	0.005134931518530763
29.6875	0.0051264168511840884
29.71875	0.005117924476082428
29.75	0.005109454304478389
29.78125	0.005101004546368765
29.8125	0.005092575118965394
29.84375	0.005084165958779491
29.875	0.005075776982545166
29.90625	0.005067408127455094
29.9375	0.0050590593297542745
29.96875	0.005050730520190654
30.	0.0050424216444433885
30.03125	0.005034132651344982
30.0625	0.0050258650848044786
30.09375	0.0050176188779876936
30.125	0.005009393964060441
30.15625	0.005001190276188537
30.1875	0.004993007747537798
30.21875	0.004984846311274039
30.25	0.004976705900563075
30.28125	0.004968586448570722
30.3125	0.004960487888462794
30.34375	0.004952410153405109
30.375	0.004944353176563481
30.40625	0.004936316891103725
30.4375	0.0049283012301916595
30.46875	0.004920306126993096
30.5	0.004912331514673852
30.53125	0.004904377326399743
30.5625	0.004896443495336584
30.59375	0.004888529954650191
30.625	0.004880636637506379
30.65625	0.004872763477070965
30.6875	0.004864910406509762
30.71875	0.004857077358988587
30.75	0.004849264267673254
30.78125	0.004841471065729582
30.8125	0.004833697686323383
30.84375	0.004825944062620474
30.875	0.004818210127786671
30.90625	0.004810495814987788
30.9375	0.004802801057389642
30.96875	0.004795125788158047
31.	0.004787469940458821
31.03125	0.0047798334474577755
31.0625	0.00477221624232073
31.09375	0.0047646182582134974
31.125	0.004757039428301893
31.15625	0.004749479685751736
31.1875	0.004741938963728837
31.21875	0.004734417195399015
31.25	0.004726914313928084
31.28125	0.004719430252481859
31.3125	0.004711964944226158
31.34375	0.004704518322326793
31.375	0.0046970903199495834
31.40625	0.004689680870260341
31.4375	0.004682289906424882
31.46875	0.004674917361609025
31.5	0.004667563168978582
31.53125	0.00466022726169937
31.5625	0.004652909572937204
31.59375	0.0046456100358579005
31.625	0.004638328583627274
31.65625	0.00463106514941114
31.6875	0.004623819666375314
31.71875	0.004616592067685612
31.75	0.004609382286507851
31.78125	0.004602189025163661
31.8125	0.004595012228650572
31.84375	0.004587851839363006
31.875	0.00458070781747148
31.90625	0.004573580103472602
31.9375	0.0045664686429093895
31.96875	0.00455937339279604
32.	0.004552294304771718
32.0625	0.0045381855932273545
32.125	0.004524145592112126
32.1875	0.004510173892788822
32.25	0.004496270086620235
32.3125	0.004482433764969158
32.375	0.004468664519198379
32.4375	0.004454961940670694
32.5	0.004441325620748888
32.5625	0.004427755150795757
32.625	0.004414250122174091
32.6875	0.004400810126246681
32.75	0.004387434754376319
32.8125	0.004374123597925796
32.875	0.004360876248257904
32.9375	0.004347692296735433
33.	0.004334571334721176
33.0625	0.004321512953577923
33.125	0.004308516744668468
33.1875	0.004295582299355597
33.25	0.0042827092090021055
33.3125	0.004269897064970784
33.375	0.004257145458624423
33.4375	0.004244453981325816
33.5	0.004231822224437752
33.5625	0.004219249779323022
33.625	0.004206736237344421
33.6875	0.004194281189864736
33.75	0.004181884228246762
33.8125	0.004169541788824774
33.875	0.004157252461676159
33.9375	0.0041450159267180705
34.	0.004132831897089745
34.0625	0.004120701090490819
34.125	0.004108626246567086
34.1875	0.0040966070655790755
34.25	0.004084643247787323
34.3125	0.004072734493452364
34.375	0.004060880502834729
34.4375	0.004049080976194952
34.5	0.004037335613793566
34.5625	0.004025644115891104
34.625	0.004014006182748101
34.6875	0.004002421514625088
34.75	0.003990889811782601
34.8125	0.003979410774481171
34.875	0.003967984102981332
34.9375	0.003956609497543617
35.	0.003945286658428559
35.0625	0.0039340152858966925
35.125	0.00392279508020855
35.1875	0.003911625741624665
35.25	0.0039005069704055695
35.3125	0.003889438466811798
35.375	0.0038784199311038842
35.4375	0.0038674510635423615
35.5	0.0038565315643877603
35.5625	0.003845661133900618
35.625	0.003834839472341465
35.6875	0.0038240662799708352
35.75	0.0038133412570492634
35.8125	0.003802658953628843
35.875	0.003792017254583911
35.9375	0.0037814157550635405
36.	0.0037708540704088863
36.0625	0.0037603334883989825
36.125	0.0037498586072147715
36.1875	0.0037394292147455107
36.25	0.0037290450988804597
36.3125	0.003718706047508875
36.375	0.003708411848520013
36.4375	0.0036981622898031355
36.5	0.0036879571592474967
36.5625	0.003677796244742357
36.625	0.003667679334176973
36.6875	0.0036576062154406036
36.75	0.003647576676422506
36.8125	0.003637590505011939
36.875	0.0036276474890981603
36.9375	0.0036177474165704276
37.	0.0036078900753179982
37.0625	0.0035980752532301314
37.125	0.0035883027381960844
37.1875	0.003578572318105116
37.25	0.0035688837808464826
37.3125	0.003559236914309443
37.375	0.003549631506383257
37.4375	0.0035400673449571787
37.5	0.003530544217920469
37.5625	0.003521061913162386
37.625	0.0035116202185721842
37.6875	0.003502218922039126
37.75	0.0034928578114524667
37.8125	0.0034835366747014655
37.875	0.0034742552996753803
37.9375	0.0034650134742634673
38.	0.003455810986354987
38.0625	0.0034466476238391944
38.125	0.0034375231746053515
38.1875	0.003428437426542712
38.25	0.003419390167540537
38.3125	0.003410381185488083
38.375	0.003401410268274609
38.4375	0.003392477203789371
38.5	0.0033835817799216282
38.5625	0.0033747237845606396
38.625	0.003365903005595661
38.6875	0.003357119230915953
38.75	0.003348372248410771
38.8125	0.003339661845969374
38.875	0.00333098781148102
38.9375	0.0033223499328349677
39.	0.003313747997920473
39.0625	0.0033051817946267966
39.125	0.0032966511108431943
39.1875	0.003288155734458925
39.25	0.0032796954533632463
39.3125	0.0032712700554454167
39.375	0.0032628793285946933
39.4375	0.0032545230607003346
39.5	0.0032462010396515986
39.5625	0.003237913053337744
39.625	0.0032296588896480274
39.6875	0.003221438336471707
39.75	0.0032132511816980415
39.8125	0.0032050894521347597
39.875	0.0031969504654915295
39.9375	0.0031888341647619643
40.	0.0031807404748337297
40.0625	0.0031726717936957066
40.125	0.0031646354399171425
40.1875	0.003156631268194436
40.25	0.003148659133223985
40.3125	0.003140718889702189
40.375	0.0031328103923254475
40.4375	0.003124933495790159
40.5	0.003117088054792722
40.5625	0.0031092739240295366
40.625	0.003101490958197001
40.6875	0.0030937390119915144
40.75	0.0030860179401094754
40.8125	0.0030783275972472842
40.875	0.003070667838101339
40.9375	0.003063038517368039
41.	0.0030554394897437825
41.0625	0.0030478706099249693
41.125	0.0030403317326079976
41.1875	0.003032822712489268
41.25	0.0030253434042651775
41.3125	0.003017893662632125
41.375	0.003010473342286512
41.4375	0.0030030822979247355
41.5	0.002995720384243195
41.5625	0.0029883874559382888
41.625	0.002981083367706417
41.6875	0.0029738079742439778
41.75	0.002966561130247371
41.8125	0.0029593426904129952
41.875	0.002952152509437249
41.9375	0.002944990442016531
42.	0.002937856342847242
42.0625	0.002930750066625779
42.125	0.0029236714680485427
42.1875	0.002916620401811931
42.25	0.002909596722612343
42.3125	0.0029026002851461775
42.375	0.002895630944109834
42.4375	0.0028886885541997117
42.5	0.0028817729701122088
42.5625	0.002874884046543724
42.625	0.0028680216381906584
42.6875	0.0028611855997494086
42.75	0.002854375785916375
42.8125	0.0028475920513879567
42.875	0.0028408342508605506
42.9375	0.002834102239030559
43.	0.0028273958705943777
43.0625	0.002820715000248408
43.125	0.0028140594826890474
43.1875	0.0028074291726126964
43.25	0.0028008239247157528
43.3125	0.002794243593694615
43.375	0.0027876880342456835
43.4375	0.002781157101065357
43.5	0.002774650648850034
43.5625	0.002768168532296113
43.625	0.002761710606099994
43.6875	0.002755276724958076
43.75	0.0027488667435667576
43.8125	0.00274247495290681
43.875	0.0027360993865546187
43.9375	0.002729739938357979
44.	0.0027233965653224194
44.0625	0.002717071035769241
44.125	0.0027107686799746145
44.1875	0.002704489401066122
44.25	0.0026982331021713473
44.3125	0.0026919996864178735
44.375	0.002685789056933283
44.4375	0.00267960111684516
44.5	0.002673435769281086
44.5625	0.002667292917368645
44.625	0.0026611724642354203
44.6875	0.002655074313008995
44.75	0.0026489983668169506
44.8125	0.0026429445287868723
44.875	0.002636912702046341
44.9375	0.002630902789722942
45.	0.002624914694944257
45.0625	0.0026189483208378687
45.125	0.0026130035705313618
45.1875	0.0026070803471523176
45.25	0.00260117855382832
45.3125	0.0025952980936869516
45.375	0.0025894388698557962
45.4375	0.0025836007854624357
45.5	0.0025777837436344545
45.5625	0.002571987647499435
45.625	0.00256621240018496
45.6875	0.0025604579048186128
45.75	0.0025547240645279762
45.8125	0.0025490107824406335
45.875	0.002543317961684168
45.9375	0.0025376455053861624
46.	0.0025319933166742005
46.0625	0.002526361298675864
46.125	0.0025207493545187365
46.1875	0.0025151573873304013
46.25	0.0025095853002384413
46.3125	0.00250403299637044
46.375	0.0024985003788539797
46.4375	0.002492987350816644
46.5	0.002487493815386016
46.5625	0.002482019675689678
46.625	0.0024765648348552137
46.6875	0.0024711291960102053
46.75	0.0024657126622822374
46.8125	0.0024603151367988923
46.875	0.002454936522687753
46.9375	0.0024495767230764023
47.	0.002444235641092423
47.0625	0.002438913179863399
47.125	0.0024336092425169126
47.1875	0.002428323732180548
47.25	0.0024230565519818867
47.3125	0.002417807605048513
47.375	0.0024125767945080093
47.4375	0.0024073640234879585
47.5	0.002402169195115944
47.5625	0.0023969922125195485
47.625	0.0023918329788263563
47.6875	0.002386691397163949
47.75	0.00238156737065991
47.8125	0.002376457280732072
47.875	0.0023713599120763953
47.9375	0.002366275250444401
48.	0.0023612032420891444
48.0625	0.0023561449703882274
48.125	0.0023511037640459183
48.1875	0.002346079556498098
48.25	0.0023410722811806526
48.3125	0.0023360818715294634
48.375	0.002331108260980416
48.4375	0.0023261513829693917
48.5	0.0023212111709322763
48.5625	0.002316287558304952
48.625	0.002311380478523303
48.6875	0.0023064898650232125
48.75	0.002301615651240564
48.8125	0.0022967577706112423
48.875	0.002291916156571129
48.9375	0.0022870907425561094
49.	0.002282281462002066
49.0625	0.0022774882483448827
49.125	0.0022727110350204433
49.1875	0.0022679497554646314
49.25	0.00226320434311333
49.3125	0.0022584747314024233
49.375	0.002253760853767795
49.4375	0.002249062643645328
49.5	0.0022443800344709064
49.5625	0.0022397129596804133
49.625	0.002235061352709733
49.6875	0.0022304251469947487
49.75	0.0022258042759713426
49.8125	0.0022211986730754007
49.875	0.0022166082717428055
49.9375	0.0022120330054094407
50.	0.0022074728075111892
50.0625	0.0022029276114839355
50.125	0.002198397350763563
50.1875	0.0021938819587859547
50.25	0.002189381368986995
50.3125	0.002184895514802566
50.375	0.0021804243296685536
50.4375	0.0021759677470208397
50.5	0.0021715257002953084
50.5625	0.0021670981229278425
50.625	0.0021626849483543267
50.6875	0.002158286110010644
50.75	0.002153901541332678
50.8125	0.0021495311757563132
50.875	0.0021451749467174316
50.9375	0.0021408327876519177
51.	0.0021365046319956546
51.0625	0.002132190413184527
51.125	0.002127890064654417
51.1875	0.002123603519841209
51.25	0.002119330712180787
51.3125	0.0021150715751090334
51.375	0.0021108260420618324
51.4375	0.0021065940464750675
51.5	0.0021023755217846225
51.5625	0.0020981704014263807
51.625	0.0020939786188362264
51.6875	0.002089800107450042
51.75	0.0020856348007037124
51.8125	0.002081480389066187
51.875	0.002077336068197251
51.9375	0.0020732017906781044
52.	0.0020690775406404568
52.0625	0.0020649640162297236
52.125	0.002060863355855839
52.1875	0.0020567755124679134
52.25	0.002052700439015054
52.3125	0.0020486380884463724
52.375	0.002044588413710977
52.4375	0.0020405513677579767
52.5	0.0020365269035364816
52.5625	0.0020325149739956008
52.625	0.002028515532084443
52.6875	0.0020245285307521187
52.75	0.002020553922947737
52.8125	0.002016591661620406
52.875	0.0020126416997192356
52.9375	0.002008703990193336
53.	0.0020047784859918163
53.0625	0.002000865140063785
53.125	0.0019969639053583517
53.1875	0.0019930747348246257
53.25	0.0019891975814117172
53.3125	0.001985332398068734
53.375	0.001981479137744787
53.4375	0.0019776377533889844
53.5	0.0019738081979504365
53.5625	0.001969990424378251
53.625	0.001966184385621539
53.6875	0.001962390034629409
53.75	0.001958607324350971
53.8125	0.0019548362077353326
53.875	0.0019510766377316055
53.9375	0.001947328567288897
54.	0.0019435919493563177
54.0625	0.0019398667368829762
54.125	0.001936152882817982
54.1875	0.0019324503401104446
54.25	0.0019287590617094738
54.3125	0.001925079000564178
54.375	0.001921410109623667
54.4375	0.0019177523418370496
54.5	0.0019141056501534362
54.5625	0.0019104699875219348
54.625	0.0019068453068916563
54.6875	0.0019032315612117089
54.75	0.0018996287034312017
54.8125	0.001896036686499245
54.875	0.0018924554633649472
54.9375	0.0018888849869774184
55.	0.0018853252102857677
55.0625	0.001881776086239104
55.125	0.001878237567786537
55.1875	0.001874709607877176
55.25	0.0018711921594601303
55.3125	0.0018676851754845093
55.375	0.0018641886088994221
55.4375	0.0018607024126539784
55.5	0.0018572265396972873
55.5625	0.0018537609429784578
55.625	0.0018503055754466
55.6875	0.0018468603900508227
55.75	0.0018434253397402352
55.8125	0.0018399988841042683
55.875	0.0018365805170124125
55.9375	0.001833170194338621
56.	0.001829767876189441
56.0625	0.0018263740243435664
56.125	0.0018229900641462736
56.1875	0.0018196159614712272
56.25	0.0018162516821920915
56.3125	0.0018128971921825316
56.375	0.0018095524573162106
56.4375	0.0018062174434667934
56.5	0.0018028921165079452
56.5625	0.0017995764423133298
56.625	0.0017962703867566115
56.6875	0.0017929739157114548
56.75	0.0017896869950515244
56.8125	0.0017864095906504837
56.875	0.0017831416683819986
56.9375	0.0017798831941197326
57.	0.0017766341337373502
57.0625	0.001773394453108516
57.125	0.001770164118106894
57.1875	0.0017669430946061484
57.25	0.001763731348479945
57.3125	0.0017605288456019469
57.375	0.0017573355518458189
57.4375	0.0017541514330852253
57.5	0.0017509764551938303
57.5625	0.0017478105840452996
57.625	0.0017446537855132956
57.6875	0.001741506025471484
57.75	0.0017383672697935289
57.8125	0.001735237484353095
57.875	0.0017321166350238461
57.9375	0.0017290046876794465
58.	0.0017259016081935619
58.0625	0.001722807362439855
58.125	0.0017197219162919917
58.1875	0.0017166452356236353
58.25	0.001713577286308451
58.3125	0.0017105180342201027
58.375	0.0017074674452322548
58.4375	0.0017044254852185718
58.5	0.0017013921200527183
58.5625	0.0016983673156083586
58.625	0.0016953510377591572
58.6875	0.0016923432523787778
58.75	0.0016893439253408858
58.8125	0.0016863530225191452
58.875	0.0016833705097872203
58.9375	0.0016803963530187755
59.	0.0016774305180874754
59.0625	0.0016744729708669844
59.125	0.0016715236772309665
59.1875	0.0016685826030530865
59.25	0.0016656497142070086
59.3125	0.0016627249765663976
59.375	0.0016598083560049176
59.4375	0.0016568998183962326
59.5	0.001653999329614008
59.5625	0.0016511068555319069
59.625	0.0016482223620235949
59.6875	0.0016453458149627358
59.75	0.0016424771802229943
59.8125	0.0016396153808209905
59.875	0.001636759989032835
59.9375	0.0016339110492286392
60.	0.0016310685450443103
60.0625	0.001628232794648397
60.125	0.0016254047793061864
60.1875	0.0016225844739766908
60.25	0.0016197718536189263
60.3125	0.001616966893191906
60.375	0.0016141695676546444
60.4375	0.001611379851966156
60.5	0.0016085977210854557
60.5625	0.0016058231499715564
60.625	0.0016030561135834738
60.6875	0.0016002965868802217
60.75	0.0015975445448208137
60.8125	0.0015947999623642651
60.875	0.0015920628144695899
60.9375	0.0015893330760958025
61.	0.0015866107222019168
61.0625	0.0015838957277469477
61.125	0.0015811880676899089
61.1875	0.0015784877169898151
61.25	0.0015757946506056804
61.3125	0.0015731088434965193
61.375	0.0015704302706213466
61.4375	0.0015677589069391755
61.5	0.0015650947274090206
61.5625	0.0015624377069898968
61.625	0.0015597878206408183
61.6875	0.0015571450433207988
61.75	0.0015545093499888531
61.8125	0.0015518807156039956
61.875	0.00154925911512524
61.9375	0.001546644523511601
62.	0.0015440369157220936
62.0625	0.0015414362667157306
62.125	0.0015388425514515276
62.1875	0.0015362557448884986
62.25	0.0015336758219856577
62.3125	0.001531102757702019
62.375	0.001528536526996597
62.4375	0.0015259771048284066
62.5	0.001523424466156461
62.5625	0.0015208785859397757
62.625	0.001518339439137364
62.6875	0.0015158070007082408
62.75	0.0015132812456114203
62.8125	0.0015107621488059167
62.875	0.001508249685250744
62.9375	0.0015057438299049177
63.	0.0015032445577274507
63.0625	0.0015007518436773578
63.125	0.0014982656627136536
63.1875	0.001495785989795352
63.25	0.0014933127998814676
63.3125	0.0014908460679310146
63.375	0.001488385768903008
63.4375	0.0014859318777564602
63.5	0.0014834843694503876
63.5625	0.0014810432189438034
63.625	0.0014786084011957227
63.6875	0.0014761798911651584
63.75	0.001473757663811126
63.8125	0.0014713408756651968
63.875	0.001468929291822716
63.9375	0.001466522812326844
64.	0.0014641214260322736
64.125	0.0014593355078727248
64.25	0.0014545741330893945
64.375	0.0014498371584794924
64.5	0.001445124440840231
64.625	0.00144043583696882
64.75	0.001435771203662471
64.875	0.0014311303977183945
65.	0.0014265132759338018
65.125	0.001421919695105904
65.25	0.0014173495120319113
65.375	0.001412802583509035
65.5	0.0014082787663344865
65.625	0.001403777917305476
65.75	0.0013992998932192149
65.875	0.0013948445508729142
66.	0.0013904117470637846
66.125	0.001386001338589037
66.25	0.0013816131822458823
66.375	0.0013772471348315316
66.5	0.0013729030531431955
66.625	0.0013685807939780859
66.75	0.0013642802141334122
66.875	0.001360001170406387
67.	0.0013557435195942198
67.125	0.0013515071184941226
67.25	0.0013472918239033054
67.375	0.0013430974926189798
67.5	0.0013389239814383565
67.625	0.0013347711471586468
67.75	0.0013306388465770611
67.875	0.0013265224362318917
68.	0.0013224190959756567
68.125	0.0013183312076416936
68.25	0.0013142628832881237
68.375	0.0013102140255729863
68.5	0.0013061845371543214
68.625	0.0013021743206901694
68.75	0.001298183278838569
68.875	0.0012942113142575618
69.	0.001290258329605187
69.125	0.0012863242275394837
69.25	0.0012824089107184933
69.375	0.0012785122818002549
69.5	0.0012746342434428086
69.625	0.0012707746983041943
69.75	0.001266933549042452
69.875	0.0012631106983156215
70.	0.0012593060487817427
70.125	0.0012555195030988563
70.25	0.0012517509639250013
70.375	0.0012480003339182177
70.5	0.001244267515736546
70.625	0.0012405524120380257
70.75	0.0012368549254806972
70.875	0.0012331749587225994
71.	0.0012295124144217737
71.125	0.001225867195236259
71.25	0.0012222392038240956
71.375	0.0012186283428433234
71.5	0.0012150345149519824
71.625	0.0012114576228081121
71.75	0.0012078975690697528
71.875	0.001204354256394945
72.	0.0012008275874417277
72.125	0.001197317464868141
72.25	0.0011938237913322251
72.375	0.00119034646949202
72.5	0.0011868854020055655
72.625	0.0011834404915309015
72.75	0.001180011640726068
72.875	0.001176598752249105
73.	0.0011732017287580522
73.125	0.0011698204729109498
73.25	0.0011664548873658379
73.375	0.0011631048747807557
73.5	0.001159770337813744
73.625	0.0011564511791228424
73.75	0.0011531473013660905
73.875	0.0011498586072015288
74.	0.0011465849992871966
74.125	0.0011433263802811346
74.25	0.001140082652841382
74.375	0.0011368537196259792
74.5	0.0011336394832929663
74.625	0.0011304398465003828
74.75	0.001127254711906269
74.875	0.0011240839821686642
75.	0.0011209275599456088
75.125	0.0011177853478951433
75.25	0.0011146572486753065
75.375	0.001111543164944139
75.5	0.0011084429993596806
75.625	0.0011053566545799714
75.75	0.0011022840332630514
75.875	0.00109921877933216
76.	0.0010961570793747795
76.125	0.0010931026344731692
76.25	0.0010900615895257637
76.375	0.0010870338800840489
76.5	0.0010840194416995115
76.625	0.0010810182099236373
76.75	0.0010780301203079125
76.875	0.0010750551084038231
77.	0.0010720931097628556
77.125	0.0010691440599364963
77.25	0.001066207894476231
77.375	0.001063284548933546
77.5	0.0010603739588599277
77.625	0.0010574760598068618
77.75	0.001054590787325835
77.875	0.001051718076968333
78.	0.0010488578642858422
78.125	0.001046010084829849
78.25	0.0010431746741518394
78.375	0.0010403515678032993
78.5	0.001037540701335715
78.625	0.001034742010300573
78.75	0.001031955430249359
78.875	0.0010291808967335596
79.	0.001026418345304661
79.125	0.0010236677115141488
79.25	0.0010209289309135094
79.375	0.0010182019390542294
79.5	0.0010154866714877945
79.625	0.0010127830637656913
79.75	0.0010100910514394058
79.875	0.0010074105700604236
80.	0.0010047415551802318
80.125	0.0010020839423503158
80.25	0.0009994376671221624
80.375	0.0009968026650472575
80.5	0.0009941788716770871
80.625	0.0009915662225631378
80.75	0.0009889646532568951
80.875	0.0009863740993098459
81.	0.000983794496273476
81.125	0.0009812257796992714
81.25	0.0009786678851387187
81.375	0.000976120748143304
81.5	0.0009735843042645132
81.625	0.0009710584890538327
81.75	0.0009685432380627484
81.875	0.0009660384868427469
82.	0.0009635441709453142
82.125	0.0009610602259219363
82.25	0.0009585865873240995
82.375	0.0009561231907032901
82.5	0.0009536699716109938
82.625	0.0009512268655986975
82.75	0.0009487938082178868
82.875	0.0009463707350200481
83.	0.0009439575815566673
83.125	0.000941554283379231
83.25	0.0009391607760392254
83.375	0.0009367769950881362
83.5	0.0009344028760774498
83.625	0.0009320383545586525
83.75	0.0009296833660832305
83.875	0.000927333457158244
84.	0.0009249859827459329
84.125	0.0009226435405486188
84.25	0.0009203104196762678
84.375	0.0009179865786753481
84.5	0.0009156719760923264
84.625	0.0009133665704736708
84.75	0.0009110703203658488
84.875	0.0009087831843153275
85.	0.000906505120868575
85.125	0.0009042360885720582
85.25	0.0009019760459722452
85.375	0.0008997249516156036
85.5	0.0008974827640486004
85.625	0.0008952494418177035
85.75	0.0008930249434693805
85.875	0.0008908092275500987
86.	0.0008886022526063258
86.125	0.0008864039771845292
86.25	0.0008842143598311765
86.375	0.0008820333590927351
86.5	0.0008798609335156729
86.625	0.0008776970416464571
86.75	0.0008755416420315554
86.875	0.0008733946932174354
87.	0.0008712561537505644
87.125	0.0008691259821774101
87.25	0.0008670041370444399
87.375	0.0008648905768981218
87.5	0.0008627852602849227
87.625	0.0008606881457513103
87.75	0.0008585991918437525
87.875	0.0008565183571087165
88.	0.00085444560009267
88.125	0.0008523808793420804
88.25	0.0008503241534034154
88.375	0.0008482753808231421
88.5	0.0008462345201477289
88.625	0.0008442015299236423
88.75	0.0008421763686973508
88.875	0.0008401589950153213
89.	0.0008381493674240216
89.125	0.0008361474444699191
89.25	0.0008341531846994813
89.375	0.0008321665466591759
89.5	0.0008301874888954705
89.625	0.0008282159699548325
89.75	0.0008262519483837294
89.875	0.0008242953827286288
90.	0.0008223462315359981
90.125	0.000820404453352305
90.25	0.0008184700067240171
90.375	0.0008165428501976017
90.5	0.0008146229423195268
90.625	0.0008127102416362593
90.75	0.0008108047066942671
90.875	0.0008089062960400178
91.	0.0008070149682199786
91.125	0.0008051306817806172
91.25	0.0008032533952684016
91.375	0.0008013830672297988
91.5	0.0007995196562112765
91.625	0.0007976631207593021
91.75	0.000795813419420343
91.875	0.0007939678812772496
92.	0.0007921249172312604
92.125	0.0007902860798627602
92.25	0.0007884539384053109
92.375	0.0007866284651876116
92.5	0.0007848096325383611
92.625	0.0007829974127862589
92.75	0.0007811917782600037
92.875	0.000779392701288295
93.	0.0007776001541998311
93.125	0.0007758141093233121
93.25	0.0007740345389874364
93.375	0.0007722614155209033
93.5	0.0007704947112524118
93.625	0.000768734398510661
93.75	0.0007669804496243499
93.875	0.0007652328369221777
94.	0.0007634915327328433
94.125	0.0007617565093850459
94.25	0.0007600277392074848
94.375	0.0007583051945288585
94.5	0.0007565888476778666
94.625	0.0007548786709832081
94.75	0.0007531746367735818
94.875	0.0007514767173776869
95.	0.0007497848851242226
95.125	0.0007480991123418878
95.25	0.0007464193713593816
95.375	0.0007447456345054033
95.5	0.0007430778741086519
95.625	0.000741416062497826
95.75	0.0007397601720016253
95.875	0.0007381101749487486
96.	0.000736466043667895
96.125	0.0007348277504877636
96.25	0.0007331952677370533
96.375	0.0007315685677444635
96.5	0.0007299476228386929
96.625	0.000728332405348441
96.75	0.0007267228876024065
96.875	0.0007251190419292886
97.	0.0007235208406577863
97.125	0.000721928256116599
97.25	0.0007203412606344255
97.375	0.0007187598265399647
97.5	0.0007171839261619162
97.625	0.0007156135318289786
97.75	0.0007140486158698511
97.875	0.0007124891506132328
98.	0.0007109351083878228
98.125	0.0007093864615223203
98.25	0.0007078431823454242
98.375	0.0007063052431858335
98.5	0.0007047726163722473
98.625	0.000703245274233365
98.75	0.0007017231890978853
98.875	0.0007002063332945072
99.	0.0006986946791519303
99.125	0.0006971881989988533
99.25	0.0006956868651639753
99.375	0.0006941906499759952
99.5	0.0006926995257636125
99.625	0.000691213464855526
99.75	0.0006897324395804347
99.875	0.0006882547884352594
100.	0.0006867795188842149
100.125	0.0006853075926044833
100.25	0.0006838406084453319
100.375	0.0006823785473102164
100.5	0.0006809213901025927
100.625	0.0006794691177259168
100.75	0.0006780217110836447
100.875	0.0006765791510792322
101.	0.0006751414186161353
101.125	0.0006737084945978099
101.25	0.0006722803599277119
101.375	0.000670856995509297
101.5	0.0006694383822460215
101.625	0.0006680245010413413
101.75	0.0006666153327987119
101.875	0.0006652108584215896
102.	0.0006638110588134303
102.125	0.0006624159148776898
102.25	0.000661025407517824
102.375	0.0006596395176372889
102.5	0.0006582582261395405
102.625	0.0006568815139280346
102.75	0.0006555093619062269
102.875	0.0006541417509775736
103.	0.0006527786620455306
103.125	0.0006514200760135542
103.25	0.0006500659737850996
103.375	0.000648716336263623
103.5	0.0006473711443525803
103.625	0.0006460303789554276
103.75	0.0006446940209756207
103.875	0.0006433620513166154
104.	0.000642034450881868
104.125	0.000640711200574834
104.25	0.0006393922812989694
104.375	0.0006380776739577303
104.5	0.0006367673594545724
104.625	0.000635461318692952
104.75	0.0006341595325763246
104.875	0.0006328619820081463
105.	0.000631568647891873
105.125	0.0006302795111309606
105.25	0.000628994552628865
105.375	0.0006277137532890424
105.5	0.0006264370940149483
105.625	0.0006251645557100386
105.75	0.0006238961192777698
105.875	0.0006226317656215972
106.	0.0006213714756449771
106.125	0.0006201152302513653
106.25	0.0006188630103442174
106.375	0.0006176147968269901
106.5	0.0006163705706031385
106.625	0.0006151303125761189
106.75	0.0006138940036493872
106.875	0.0006126616247263994
107.	0.0006114331567106114
107.125	0.0006102085805054789
107.25	0.0006089878770144579
107.375	0.0006077710271410045
107.5	0.0006065580117885747
107.625	0.0006053488118606238
107.75	0.0006041434082606085
107.875	0.0006029407193642517
108.	0.0006017400993925874
108.125	0.0006005421738304893
108.25	0.0005993479793728777
108.375	0.0005981575024955558
108.5	0.0005969707296743263
108.625	0.0005957876473849927
108.75	0.0005946082421033577
108.875	0.0005934325003052244
109.	0.000592260408466396
109.125	0.0005910919530626754
109.25	0.0005899271205698657
109.375	0.0005887658974637697
109.5	0.0005876082702201907
109.625	0.0005864542253149318
109.75	0.0005853037492237959
109.875	0.000584156828422586
110.	0.0005830134493871053
110.125	0.0005818735985931567
110.25	0.0005807372625165432
110.375	0.0005796044276330682
110.5	0.0005784750804185342
110.625	0.0005773492073487447
110.75	0.0005762267948995026
110.875	0.0005751078295466107
111.	0.0005739922977658722
111.125	0.0005728801860330904
111.25	0.0005717714808240681
111.375	0.0005706661686146082
111.5	0.0005695642358805142
111.625	0.0005684656690975885
111.75	0.0005673704547416347
111.875	0.0005662785792884556
112.	0.0005651900292138541
112.125	0.0005641047909936337
112.25	0.0005630228511035968
112.375	0.0005619441960195472
112.5	0.0005608688122172872
112.625	0.0005597966861726203
112.75	0.0005587278043613494
112.875	0.0005576621532592777
113.	0.0005565997193422078
113.125	0.0005555404890859433
113.25	0.0005544844489662868
113.375	0.0005534315854590417
113.5	0.0005523818850400107
113.625	0.0005513353341849971
113.75	0.0005502919193698039
113.875	0.0005492516270702339
114.	0.0005482144437620903
114.125	0.0005471803559211764
114.25	0.0005461493500232949
114.375	0.0005451214125442488
114.5	0.0005440965299598416
114.625	0.0005430746887458759
114.75	0.0005420558753781548
114.875	0.0005410400763324814
115.	0.0005400272780846589
115.125	0.0005390174671104902
115.25	0.0005380106298857782
115.375	0.0005370067528863261
115.5	0.000536005822587937
115.625	0.0005350078254664139
115.75	0.0005340127479975597
115.875	0.0005330198692437408
116.	0.0005320287576108484
116.125	0.0005310398276690634
116.25	0.0005300537707203401
116.375	0.0005290705769544564
116.5	0.0005280902365611896
116.625	0.0005271127397303172
116.75	0.0005261380766516166
116.875	0.0005251662375148653
117.	0.0005241972125098408
117.125	0.0005232309918263206
117.25	0.0005222675656540819
117.375	0.0005213069241829024
117.5	0.0005203490576025593
117.625	0.0005193939561028303
117.75	0.0005184416098734929
117.875	0.0005174920091043243
118.	0.0005165451439851023
118.125	0.0005156010047056038
118.25	0.0005146595814556067
118.375	0.0005137208644248885
118.5	0.0005127848438032263
118.625	0.0005118515097803978
118.75	0.0005109208525461805
118.875	0.0005099928622903516
119.	0.0005090675292026888
119.125	0.0005081448434729694
119.25	0.000507224795290971
119.375	0.0005063073748464708
119.5	0.0005053925723292466
119.625	0.0005044803779290756
119.75	0.0005035707818357353
119.875	0.0005026637742390033
120.	0.0005017593453286568
120.125	0.0005008574852944734
120.25	0.0004999581843262305
120.375	0.0004990614326137058
120.5	0.0004981672203466762
120.625	0.0004972755377149198
120.75	0.0004963863749082137
120.875	0.0004954997221163352
121.	0.0004946155695290623
121.125	0.0004937339073361718
121.25	0.0004928547257274417
121.375	0.000491978014892649
121.5	0.0004911037650215717
121.625	0.0004902319663039866
121.75	0.0004893626089296717
121.875	0.0004884956830884042
122.	0.0004876311789699615
122.125	0.0004867690867641211
122.25	0.00048590939666066056
122.375	0.0004850520988493572
122.5	0.0004841971835199887
122.625	0.0004833446408623323
122.75	0.00048249446106616537
122.875	0.00048164663432126556
123.	0.00048080115081741037
123.125	0.000479958000744377
123.25	0.0004791171742919431
123.375	0.0004782786616498862
123.5	0.00047744245300798357
123.625	0.00047660853855601256
123.75	0.0004757769084837511
123.875	0.0004749475529809761
124.	0.0004741204622374652
124.125	0.000473295626442996
124.25	0.00047247303578734585
124.375	0.00047165268046029215
124.5	0.0004708345506516124
124.625	0.00047001863655108403
124.75	0.00046920492834848465
124.875	0.0004683934162335915
125.	0.00046758409039618213
125.125	0.00046677694102603386
125.25	0.0004659719583129245
125.375	0.00046516913244663117
125.5	0.00046436845361693134
125.625	0.00046356991201360265
125.75	0.0004627734978264224
125.875	0.0004619792012451681
126.	0.0004611870124596172
126.125	0.0004603969216595471
126.25	0.00045960891903473543
126.375	0.0004588229947749594
126.5	0.0004580391390699966
126.625	0.00045725734210962446
126.75	0.00045647759408362046
126.875	0.000455699885181762
127.	0.0004549242055938267
127.125	0.00045415054550959166
127.25	0.0004533788951188347
127.375	0.00045260924461133306
127.5	0.0004518415841768643
127.625	0.0004510759040052057
127.75	0.000450312194286135
127.875	0.00044955044520942944
128.	0.00044879064696486657